appid,name
2103180,Ignite
2102970,Escape
2100090,Dodge
2114680,Science Girls
1968290,Forge
1989070,Synergy
2079960,Light
2079230,Resonance
2092070,Escape
2060540,Castle
2058660,Maelstrom
1998840,Arcadia
2324660,Cart Life
2311240,Loom
2361140,Terminal Velocity
2288950,Ace of Spades
2382600,Nomad
2368300,Warside
2252960,Flashback
2260650,Arcadia
1569690,Snapshot
752180,One Night
724490,Protocol
669970,Hard Reset
664780,Alter Ego
764050,Maelstrom
759010,Escape
818390,The Deer
1238040,Dragon Age II
1790880,Memoria
1318840,Outlast
1310410,Alone in the Dark
1835250,Escape
1824450,Ricochet
1916830,Aftermath
1470550,Stranded
1511000,Collapse
1490500,In Between
1456230,Escape
1452500,The Good Life
1442630,Entropy
1441160,Haunted
1436210,Requiem
1429890,Singularity
1428870,Grapple
930410,Memoria
923530,RIP
912630,Dystopia
860270,Requiem
856950,The Forest of Doom
850250,Dark Matter
844040,RUSH
1519570,Starter Pack
1869570,Black Ink
1607470,Escape
1860850,Entropy
1854490,Streets of Chaos
1600930,Foul Play
1649340,Theatre of War
1670900,Contrast
1667800,Dodge
987240,Arcadia
980030,Rust
964890,Dream
961620,Flashback
649360,Yesterday
581300,Black Mirror
608580,Empires
565510,Borealis
535120,Crawl
1893600,Smashball
1742690,Requiem
1730140,Light
1772930,TRAUMA
1705720,Aftermath
1156950,INK
1157090,Eidolon
1154690,Lucid
1173790,FINAL FANTASY III
1173800,FINAL FANTASY IV
1173810,FINAL FANTASY V
251130,Chroma Squad
251170,Damned
251310,Eleusis
251370,Escape Goat
251410,Dark Matter
251430,The Inner World
251470,TowerFall Ascension
251490,Gravity Ghost
251510,Constant C
251530,Anomaly Korea
251630,The Impossible Game
251670,Battle Nations
251690,Speedball 2 HD
251730,Legend of Grimrock 2
251830,Stick It To The Man!
251850,Master Reboot
251870,Go! Go! Nippon! ~My First Trip to Japan~
251910,Solar Flux
250320,The Wolf Among Us
250340,Blockland
250380,Knock-knock
250400,How to Survive
250420,8BitMMO
250460,Bridge Constructor
250500,Super Amazing Wagon Adventure
250560,Fight The Dragon
250600,The Plan
250620,Among the Sleep
250700,Super Time Force Ultra
250740,Ragnarok Online - Free to Play - European Version
250870,Pro Evolution Soccer 2014
249590,Teslagrad
249610,Galactic Arms Race
249630,Delver
249650,Blackguards
249680,Marlow Briggs
249870,Scribblenauts Unmasked
249930,A-Train 8
249990,FORCED
250030,Lilly Looking Through
250110,Assault Android Cactus
250180,METAL SLUG 3
249170,DARK - Cult of the Dead DLC
249190,Ancient Space
249230,Risen 3 - Titan Lords
249330,Unholy Heights
248820,Risk of Rain
248860,NEO Scavenger
248970,Vector
248290,Reach for the Sun
248310,Freedom Planet
248350,Omegalodon
248370,Bridge It (plus)
248390,Craft The World
248410,Legends of Aethereus
248450,Salvation Prophecy
248490,1953 - KGB Unleashed
248550,Megabyte Punch
248570,Toribash
248610,Door Kickers
248710,Iesabel
248730,A Walk in the Dark
247830,Aerena
247870,Redshirt
247950,Sacred 3
248170,Clickteam Fusion 2.5
248190,Knytt Underground
247020,"Cook, Serve, Delicious!"
247080,Crypt of the NecroDancer
247140,Soundodger+
247240,Volgarr the Viking
247310,Gravi
247350,Artemis Spaceship Bridge Simulator
247370,Mutant Mudds Deluxe
246280,Happy Wars
246420,Kingdom Rush
246740,Huntsman - The Orphanage Halloween Edition
246760,Legends of Eisenwald
246800,BeatBlasters III
246840,FATE
246900,Viscera Cleanup Detail
246940,Lords of the Black Sun
246980,InFlux
245450,Wizardry 8
245470,Democracy 3
245490,Trials Fusion
245550,Free to Play
245620,Tropico 5
245730,Flashback
246070,Hack 'n' Slash
246090,Spacebase DF-9
246110,MASSIVE CHALICE
244690,Face Noir
244730,Divekick
244770,StarMade
244810,Foul Play
244850,Space Engineers
244870,Electronic Super Joy
244930,SNOW
244950,Where is my Heart?
245050,SpellForce 2 - Demons of the Past
245130,The Dead Linger
245150,The Novelist
245190,Pinball FX2 - Captain America Table
245191,Pinball FX2 - Mars Table
245192,Pinball FX2 - Excalibur Table
245193,Pinball FX2 - Earth Defense Table
245370,Etherium
245390,"I Have No Mouth, and I Must Scream"
243800,Gas Guzzlers Extreme
243870,Tom Clancy's Ghost Recon Phantoms - NA
243930,Bound By Flame
243970,"Invisible, Inc."
244030,Take On Mars
244050,Rise of Flight United
244070,Sid Meier's Ace Patrol
244210,Assetto Corsa
244590,Epigenesis
243060,Urban Chaos
243160,Mushroom 11
243200,Memoria
243220,FRACT OSC
243280,Poof
243320,Rekoil
243450,Urban Trial Freestyle
243470,Watch_Dogs
242300,CastleStorm - From Outcast to Savior
242310,CastleStorm - The Warrior Queen
242530,The Chaos Engine
242550,Rayman Legends
242570,Space Hulk
242590,Saints Row IV Inauguration Station
242680,Nuclear Throne
242760,The Forest
242820,140
242860,Verdun
242880,"Sir, You Are Being Hunted"
242920,Banished
242940,Anachronox
242980,Daikatana
243040,Startopia
241410,CastleStorm
241540,State of Decay
241560,The Crew
241600,Rogue Legacy
241620,Inquisitor
241640,Haunted Memories
241660,Ohm Studio
241720,Guncraft
241790,Z3TA+ 2
241910,Goodbye Deponia
241990,Sorcerer King
242050,Assassin's Creed IV Black Flag
240760,Wasteland 2
240840,Agarest - Fallen Angel Pack DLC
240850,Agarest - Dull-Things Pack DLC
240860,Agarest - Legendary-Monster Pack DLC
240870,Agarest - Additional-PP Pack 1 DLC
240890,Agarest - Seasoned-Breeder Pack DLC
240910,Agarest - Top-Breeder Pack DLC
240940,Agarest - Carrot-and-Stick Pack DLC
240950,Agarest - Secret-Society Pack DLC
241040,Agarest - Additional-TP Pack DLC
241050,Agarest - Ultimate Equipment Pack DLC
241060,Agarest - Playful Cat Pack DLC
241120,Agarest - Rebellious Pack DLC
241130,Agarest - Additional-PP Pack 2 DLC
241140,Agarest - Unlock Gallery DLC
241150,Agarest - Unlock Voices DLC
241240,Contraption Maker
241320,Ittle Dew
240020,Agarest - Jack Pack DLC
240040,Agarest - Magic Fight Pack DLC
240060,Agarest - Tonight's Dinner DLC
240070,Agarest - Fishy Pack 1 DLC
240080,Agarest - Additional-Points Pack 2 DLC
240100,Agarest - Basic Adventure Pack DLC
240110,Agarest - Rumored Adventure Pack DLC
240120,Agarest - Legendary Adventure Pack DLC
240130,Agarest - Fishy Pack 2 DLC
240140,Agarest - Additional-Points Pack 3 DLC
240150,Agarest - Additional-Points Pack 4 DLC
240160,Duke Nukem
240180,Duke Nukem 2
240320,Panzar
240340,Space Ace
240380,Solstice Arena
240460,WWE 2K15
239350,Spelunky
239450,Gun Monkeys
239700,Hate Plus
239800,Bleed
239820,Game Dev Tycoon
239840,Dead State
239880,Agarest - Upgrade Pack 1 DLC
238430,Contagion
238460,BattleBlock Theater
238530,Super Puzzle Platformer Deluxe
238590,Loadout Campaign Beta
238630,Fist Puncher
238750,Might & Magic X - Legacy 
238870,Citadels
238890,Skyward Collapse
238910,Bionic Dues
238960,Path of Exile
239030,"Papers, Please"
239070,Hammerwatch
239140,Dying Light
239160,Thief
239220,The Mighty Quest For Epic Loot
237780,Anomaly 2 Soundtrack
237850,Dreamfall Chapters
237870,Planet Explorers
237930,Transistor
237970,Memento Mori 2
237990,The Banner Saga
238070,Shadow Warrior Classic (1997)
238090,Sniper Elite 3
238110,Arcane Saga Online
238170,Afterfall InSanity - Dirty Arena Edition
238210,System Shock 2
238240,Edge of Space
238260,Pinball Arcade
238280,Legend of Dungeon
238320,Outlast
238370,Magicka 2
237310,Elsword
237570,Penny Arcade's On the Rain-Slick Precipice of Darkness 4
237630,DuckTales Remastered
237740,Angry Video Game Nerd Adventures
237760,Intake
236690,Blood Bowl 2
236730,Anomaly 2
236790,Agricultural Simulator 2013 Steam Edition
236850,Europa Universalis IV
236930,Blackwell Epiphany
236970,Jack Keane 2 - The Fire Within
235720,Cubetractor
235800,Audiosurf 2
235820,Element4l
235900,RPG Maker XP
235980,Tetrobot and Co.
236110,Dungeon Defenders II
236130,Horizon
236150,Starpoint Gemini 2
236370,Interstellar Marines
236390,War Thunder
236450,PAC-MAN Championship Edition DX+
234900,Anodyne
234940,The 39 Steps
235210,Strider
235250,Super Sanctum TD
235320,Original War
235600,Tom Clancy's Splinter Cell Blacklist
234490,Rush Bros
234530,War of the Vikings
234650,Shadowrun Returns
234710,Poker Night 2
233680,Black Ink
233720,Surgeon Simulator
233840,Worms Clan Wars
233860,Kenshi
233980,Unepic
234000,Superfrog HD
234021,Starter Pack
234140,Mad Max
234160,Strike Suit Infinity
234290,Zack Zero
234310,March of War
234330,Marvel Puzzle Quest
234370,Shattered Haven
232770,POSTAL
232790,Broken Age
232810,Godus
232890,Stronghold Crusader 2
232950,Bridge Project
232970,Thunder Wolves
233130,Shadow Warrior
233150,LUFTRAUSERS
233190,Final Exam
233230,Kairo
233250,Planetary Annihilation
233370,The Raven - Legacy of a Master Thief
233390,Cart Life
233450,Prison Architect
233470,Evoland
233550,Another World
233610,Distance
232210,Patch testing for Chivalry
232430,Gone Home
232450,SolForge
231670,Football Manager 2014
231720,Bad Hotel
231740,Knights of Pen and Paper +1
232010,Euro Truck Simulator
232050,Eador. Masters of the Broken World
232090,Killing Floor 2
230820,The Night of the Rabbit
230840,Daylight
230860,Cannon Brawl
230980,Starseed Pilgrim
231020,Storm
231060,Ragnarok Online 2
231140,Cities XL Platinum
231160,The Swapper
231180,ArtRage 4
231200,Kentucky Route Zero
231310,MirrorMoon EP
231330,Deadfall Adventures
231430,Company of Heroes 2
229890,Joe Danger
230050,DLC Quest
230070,The Age of Decadence
230150,Incredipede
230190,War for the Overworld
230290,Universe Sandbox
230410,Warframe
230700,La-Mulana
229520,Dungeon Hearts
229580,Dream
229870,ShootMania Storm
228940,Carnage Racing
228960,Skulls of the Shogun
229210,Painkiller Hell & Damnation - The Clock Strikes Meat Night
227860,Castle Story
227940,Heroes & Generals
228180,Action! - Gameplay Recording and Streaming
228300,Remember Me
228320,A Valley Without Wind 2
228440,Cubemen 2
227160,Kinetic Void
227180,Kingdom Wars
227200,Waking Mars
227220,Sang-Froid - Tales of Werewolves
227240,Construct 2 Free
227260,DisplayFusion
227280,No Time to Explain
227300,Euro Truck Simulator 2
227310,Euro Truck Simulator 2 - Going East!
227320,You Need A Budget 4 (YNAB)
227380,Dragon's Lair
227580,"10,000,000"
227600,Castle of Illusion
227680,StarForge
227720,Under the Ocean
227760,March of the Eagles
227800,Retrovirus
226720,Lost Planet 3
226740,Monster Loves You!
226760,Rugby Challenge 2
226840,Age of Wonders III
226860,Galactic Civilizations III
226960,Ironclad Tactics
226980,Pinball FX2
226990,Pinball FX2 - Core pack
226991,Pinball FX2 - Marvel Pinball Original Pack
226992,Pinball FX2 - Zen Classics Pack
226993,Pinball FX2 - Marvel Pinball Avengers Chronicles pack
226995,Pinball FX2 - Star Wars Pack
226996,Pinball FX2 - Epic Quest Table
226997,Pinball FX2 - Paranormal Table
226999,Pinball FX2 - Civil War Table
227000,Primordia
227020,Rise of Venice
227080,Papo & Yo
227090,Papo & Yo Soundtrack
226560,Escape Dead Island
226620,Desktop Dungeons
226100,Nom Nom Galaxy
225280,Full Mojo Rampage
225300,Tomb Raider II
225360,DARK
225420,Cities in Motion 2
225540,Just Cause 3
225600,Blade Symphony
225640,Sacred 2 Gold
225760,Nexuiz STUPID Mode
224500,Gnomoria
224740,Clockwork Empires
224760,FEZ
224820,Super House of Dead Ninjas
224860,Arma Tactics
224900,Iron Sky Invasion
224960,Tomb Raider I
225080,Brothers - A Tale of Two Sons
225160,Shadow Warrior Classic Redux
225180,Narco Terror
225200,Farming Simulator 2013 - Modding Tutorials
224060,Deadpool
224260,No More Room in Hell
224320,Uncharted Waters Online
224420,Afterfall InSanity Extended Edition
224460,Contrast
223390,Forge
223410,Perpetuum
223430,Miner Wars 2081
223450,Dyad
223470,POSTAL 2
223490,Blockscape
223510,Miasmata
223630,AirBuccaneers
223650,F.E.A.R. Online
223670,F1 2013
223710,Cry of Fear
223730,FLY'N
223810,Ys I
223830,Xenonauts
223850,3DMark
223870,Ys II
222940,THE KING OF FIGHTERS XIII STEAM EDITION
222980,Dead Pixels
222660,Retro/Grade
222710,Music Creator 6 Touch
222730,Reus
222820,Emergency 2013
222880,Insurgency
222160,"Hamlet or the last game without MMORPG features, shaders and product placement"
222420,THE KING OF FIGHTERS '98 ULTIMATE MATCH FINAL EDITION
222440,THE KING OF FIGHTERS 2002 UNLIMITED MATCH
222140,Puddle
221910,The Stanley Parable
221100,DayZ
221162,GRID 2 GTR Racing Pack
221180,Eufloria HD
221260,Little Inferno
221430,Pro Evolution Soccer 2013
221445,Pro Evolution Soccer 2013 DP DLC
221540,Defense Grid 2
221560,Windborne
221640,Super Hexagon
221790,Renaissance Heroes
221810,The Cave
220660,StarDrive
220700,RPG Maker VX Ace
220740,Chaos on Deponia
220780,Thomas Was Alone
220820,Zombie Driver HD
220823,Zombie Driver HD Apocalypse Pack
220860,McPixel
220900,Jack Lumber
220980,CRYENGINE
221020,Towns
221080,District 187
219680,Proteus
219700,Dogs of War Online - Beta
219740,Don't Starve
219760,Beyond Divinity
219800,Pro Cycling Manager 2013
219830,King Arthur's Gold
219870,Football Superstars
219890,Antichamber
219950,NiGHTS into Dreams...
219990,Grim Dawn
220160,Trials Evolution Gold Edition
220200,Kerbal Space Program
220260,Farming Simulator 2013
220440,DmC Devil May Cry
220460,Cargo Commander
219190,Ultratron
219200,Droid Assault
219600,NBA 2K13
218820,Mercenary Kings
219070,Miner Wars Arena 
219150,Hotline Miami
218330,Smashmuck Champions
218450,Jagged Alliance Online - Steam Edition
218470,RaiderZ
218510,Planets Under Attack
218620,PAYDAY 2
218640,Lucius
218660,iBomber Attack
218680,Scribblenauts Unlimited
218740,Pid 
217690,Anna - Extended Edition
217790,Dogfight 1942
217920,Alien Rage - Unlimited
217961,Dogfight 1942 Fire over Africa
217962,Dogfight 1942 Russia under Siege
218040,Democracy 2
218065,Good Friends Character Pack
218090,Unity of Command
218130,Dungeonland
218230,PlanetSide 2
216910,Of Orcs And Men
217100,Dementium II HD
217140,Rise of the Triad
217200,Worms Armageddon
217270,Karateka 
217490,Borderlands 2 RU
216130,Gemini Wars
216150,MapleStory
216250,Dead Island Riptide
216260,Don Bradman Cricket 14
216290,Gateways
216370,Nexuiz Beta
216390,Fallen Enchantress
215870,Dungeon Party
215930,Jagged Alliance 2 - Wildfire 
215370,Omerta - The Con Artist
215371,Omerta - Damsel in Distress
215374,Omerta - The Japanese Incentive
215450,Transcripted
215470,Primal Carnage
215530,The Incredible Adventures of Van Helsing
215630,Demonicon
215670,Home
215690,Zeno Clash 2
215710,Fieldrunners 2
215770,Shad'O
215790,Dream Pinball 3D
215160,The Book of Unwritten Tales
215200,The Book of Unwritten Tales Extras
214770,Guacamelee! Gold Edition
214790,The Basement Collection
214870,Painkiller Hell & Damnation
214933,BioShock Infinite - Season Pass
214970,Intrusion 2
215060,Painkiller Hell & Damnation Beta
215080,WAKFU
215100,Ragnarok
215120,ROSE Online
214170,Divine Divinity
214250,I Am Alive
214270,Mensa Academy
214320,Dollar Dash
214340,Deponia
214360,Tower Wars
214420,Gear Up
214550,Eets Munchies
214560,Mark of the Ninja
214570,Ether Vapor Remaster
214590,Fairy Bloom Freesia
214700,Thirty Flights of Loving
214100,Rigonauts
213650,Dwarfs F2P
212630,Tom Clancy's Ghost Recon Future Soldier
212700,Party of Sin
212780,New Star Soccer 5
212800,Super Crate Box
213030,Penny Arcade's On the Rain-Slick Precipice of Darkness 3
212580,The Amazing Spider-Man
211820,Starbound
211880,Bullet Run
212050,Resonance
212070,Star Conflict
212160,Vindictus
212180,Combat Arms
212200,Mabinogi
212220,Dungeon Fighter Online
212240,Atlantica Online
212370,Arctic Combat
212390,C9
211180,Unmechanical
211260,They Bleed Pixels
211280,Primal Fears
211360,Offspring Fling!
211400,Deadlight
211419,Deadlight Original Soundtrack
211440,Adventures of Shuggy
211500,RaceRoom Racing Experience 
211600,Thief Gold
210950,Rune Classic
211010,Alien Shooter 2 Conscription
211050,Battle vs Chess
211120,The Political Machine
210170,Spirits
210550,Angry Birds Space
210770,Sanctum 2
209950,Triple Town
55140,MX vs. ATV Reflex
50510,Burn Zombie Burn
50620,Darksiders
50640,Darksiders
50650,Darksiders II
51100,Tactical Intervention
55000,Flotilla
55020,Air Forte 
55040,Atom Zombie Smasher 
55100,Homefront
55130,HOMEFRONT Demo
50310,MLB 2K11
50409,Mafia II
49600,Beat Hazard
49700,Stargate Resistance
49800,Flight of the Icarus
49810,CreaVures
49900,Plain Sight
50000,Nimbus
50100,Sid Meier's Civilization V
50120,MLB 2K10
48800,Ship Simulator Extremes
48900,Saira
48950,Greed Corp
49000,Hotel Dash
49320,Woody Two-Legs Attack of the Zombie Pirates
49330,Pirates of Black Cove
48000,LIMBO
48160,Tom Clancy's H.A.W.X. 2
48180,Tom Clancy's H.A.W.X. 2
48190,Assassin's Creed Brotherhood
48240,Anno 2070
47540,Puzzle Quest 2
47780,Dead Space 2
47790,Medal of Honor(TM) Single Player
47799,Medal of Honor Pre-Order
47830,Medal of Honor(TM) Multiplayer
47850,FIFA Manager 11
47920,Shift 2 Unleashed
46480,Still Life
46490,Still Life 2
46500,Syberia
46510,Syberia 2
46520,Wasteland Angel
46540,Trapped Dead
46550,Post Mortem
46560,Robin Hood
46570,Grotesque Tactics 2 - Dungeons and Donuts
46600,Swarm Arena
46740,World Basketball Manager 2010
46790,Armada 2526
46850,Zombie Pirates
47000,4 Elements
47400,Stronghold 3
47410,Stronghold Kingdoms
47520,The Otherside
45760,Ultra Street Fighter IV
45900,CID The Dummy
46000,Bob Came in Pieces
46200,A.I.M. Racing
46230,Streets of Moscow
46270,Star Wolves
46280,Star Wolves 2
46290,Theatre of War
46320,Space Rangers
46350,Real Warfare
46370,Rig 'n' Roll
46410,Avencast
46420,Chrome
46440,Future Wars
44100,Super Laser Racer
44320,DiRT 3
44350,GRID 2
44620,STCC II
44630,RACE 07 - Formula RaceRoom Add-On
44650,GT Power Expansion
44660,The Retro Expansion
44670,The WTCC 2010 Pack
44690,GT Legends
45000,Sol Survivor
45100,Secret of the Magic Crystal
45300,Wings of Prey
45400,Fortix
45410,Ignite
45450,Fortix 2
45700,Devil May Cry 4
45740,Dead Rising 2
45750,Lost Planet 2
42910,Magicka
42920,The Kings' Crusade
42960,Victoria II
43000,Front Mission Evolved
43100,World of Zoo
43129,Metro 2033
43500,M.U.D. TV
42640,Blur
42670,Singularity
42810,For The Glory
42850,Arsenal of Democracy
42890,Sword of the Stars Complete Collection
41730,Ion Assault
41740,Cargo! - The quest for gravity
41800,Gratuitous Space Battles
41900,The Bard's Tale
42120,Lead and Gold - Gangs of the Wild West
42140,Hamilton's Great Adventure
42160,War of the Roses
42170,Krater
42500,DogFighter
40720,Samorost 2
40800,Super Meat Boy
40809,Super Meat Boy
40920,NBA 2K10
40930,The Misadventures of P.B. Winterbottom
40950,Stronghold HD
40960,Stronghold 2
40970,Stronghold Crusader HD
40980,Stronghold Legends
40990,Mafia
41100,Hammerfight
41210,Eufloria
41300,Altitude
41500,Torchlight
41509,Torchlight
39900,Coniclysm
40000,Fallen Earth
40100,Supreme Commander 2
40135,Supreme Commander 2 - Infinite War Battle Pack One
40300,Risen
40309,Risen
40350,Lost Horizon
40370,Emergency 2012
40380,Nail'd
40390,Risen 2 - Dark Waters
40420,Tidalis
40500,Sacraboar
40700,Machinarium
39190,Dungeon Siege
39200,Dungeon Siege 2
39500,Gothic 3
39520,The Guild Gold Edition
39630,AquaNox
39650,The Guild II
39660,The Guild II - Pirates of the European Seas
39670,Chaser
39690,ArcaniA
39800,Nation Red
38450,MDK
38460,MDK 2
38600,Faerie Solitaire
38700,Toki Tori
38720,RUSH
38740,EDGE
38830,CrimeCraft GangWars
38900,Rhythm Zone
39000,Moonbase Alpha
39120,RIFT
39140,FINAL FANTASY VII
39150,FINAL FANTASY VIII
39160,Dungeon Siege III
37600,Windosill
37800,QuantZ
38080,Build-A-Lot
38090,Build-A-Lot 2
38100,Build-A-Lot 3
38110,Build-A-Lot 4
38220,Section 8
38229,Section 8
38230,Hotel Giant 2
38400,Fallout
38410,Fallout 2
38420,Fallout Tactics
36630,Rusty Hearts
37000,The Void
37200,Chessmaster
37230,Diaper Dash
37300,DinerTown Tycoon
37320,NightShift Code
37400,"Time Gentlemen, Please!"
37420,"Ben There, Dan That!"
35450,Rising Storm/Red Orchestra 2 Multiplayer
35460,The Ball
35480,Dwarfs!?
35500,Cities XL - Limited Edition
35510,Cities XL
35600,Big Brain Wolf
35700,Trine
35709,Trine
35720,Trine 2
36130,Tradewinds Caravans
36150,Westward
35000,Mini Ninjas
35030,Championship Manager 2010
35070,Flora's Fruit Farm
35130,Lara Croft and the Guardian of Light
35310,Clutch
35320,Insane 2
34420,XIII Century
34440,Sid Meier's Civilization IV
34500,Light of Altair
34600,Order of War
34609,Order of War
34870,Sniper Ghost Warrior 2
34900,Bad Rats
34190,Sonic and SEGA All Stars Racing
34220,Football Manager 2011
34229,Football Manager 2011
33770,Drakensang The River of Time
33900,Arma 2
33909,Arma 2
33910,Arma 2
33950,The Fish Fillets 2
33980,Pound of Ground
34000,Football Manager 2010
34009,Football Manager 2010
34010,Alpha Protocol
34019,Alpha Protocol
33349,Dawn of Discovery - Venice
33460,From Dust
33520,Tropico
33550,Time of Shadows
33559,Time of Shadows
33570,Patrician III
33580,The Great Art Race
33610,Broken Sword 3 - the Sleeping Dragon
33660,Ziro
32750,Comanche 4
32900,Restaurant Empire II
33100,Alien Shooter
33130,Zombie Shooter
33180,Zombie Shooter 2
33219,Dawn of Discovery
33229,Tom Clancy's Splinter Cell Conviction
33230,Assassin's Creed II
33259,Anno 1404
33260,Heroes Over Europe
33270,Cloudy with a Chance of Meatballs
32160,Zombie Bowl-O-Rama
32200,Metal Drift
32310,Indiana Jones and the Last Crusade
32340,Loom
32410,Lucidity
32630,Delta Force 2
31270,Puzzle Agent
31280,Poker Night at the Inventory
31410,Zombie Driver
31419,Zombie Driver
31500,Coil
29110,Retro/Grade IGF Demo
29140,Between IGF Demo
29150,Mightier
29180,Osmos
29550,City of Heroes
29640,Aion
29650,Aion Collectors Edition
29660,Aion
29670,Aion Collectors Edition
29720,Guild Wars
29800,Caster
29900,Dark Sector
26800,Braid
26900,Crayon Physics Deluxe
27000,The Path
27020,The Graveyard
27040,The Path - Prologue
27220,Divinity II - Ego Draconis
27300,Saw
27400,Dangerous High School Girls in Trouble!
27800,Space Giraffe
27810,GridRunner Revolution
27900,Twin Sector
27920,Booster Trooper
27940,Dead Horde
25830,Knights of Honor
25850,Elven Legacy
25890,Hearts of Iron III
25930,East India Company
25939,East India Company
25980,Majesty 2
25989,Majesty 2
26000,The Maw
26009,The Maw
26500,Cogs
24999,Mass Effect 2
25000,Overgrowth
25010,Lugaru HD 
25500,Cricket Revolution
25800,Europa Universalis III
24670,Trainz Simulator 12
24780,SimCity 4 Deluxe
24850,FIFA Manager 10
24859,FIFA Manager 10
24860,Battlefield 2
24200,DC Universe Online
24400,King Arthur - The Role-playing Wargame
24420,Aquaria
24480,King Arthur II - The Role-playing Wargame
23490,Tropico 3 - Steam Special Edition
23600,Depths of Peril
23700,Puzzle Kingdoms
24010,Train Simulator
23120,Droplitz
23200,I-Fluid
23300,Yosumin!
23310,The Last Remnant
23319,The Last Remnant
23360,FINAL FANTASY XI
23380,Gyromancer
23390,FINAL FANTASY XI
22370,Fallout 3 - Game of the Year Edition
22420,Fallout 3 - The Pitt
22430,Fallout 3 - Mothership Zeta
22440,Fallout 3 - Point Lookout
22500,Spectromancer
22600,Worms Reloaded
21970,R.U.S.E
21979,R.U.S.E.
22000,World of Goo
22100,Mount & Blade
22200,Zeno Clash
22230,Rock of Ages
22300,Fallout 3
22309,Fallout 3
22310,Rogue Warrior
22319,Rogue Warrior
22350,BRINK
21400,Project Aftermath
21500,Pyroblazer
21600,Age of Booty
21640,FLOCK!
21649,FLOCK!
21660,Street Fighter IV
21669,Street Fighter IV
21670,Bionic Commando
21679,Bionic Commando
21680,Bionic Commando Rearmed
21760,World in Conflict
21800,Tom Clancy's EndWar
21809,Tom Clancy's EndWar
21900,Tom Clancy's H.A.W.X.
21909,Tom Clancy's H.A.W.X.
20530,Red Faction
20550,Red Faction II
20700,Starscape
20710,Mr. Robot
20820,Shatter
21080,Terminator Salvation
21089,Terminator Salvation
21090,F.E.A.R.
21100,F.E.A.R. 3
19020,Puzzle Chronicles
19200,Tank Universal
19900,Far Cry 2
19980,Prince of Persia
19989,Prince of Persia
18070,The Baconing
18110,Shattered Horizon
18120,Unstoppable Gorg
18300,Spectraball
18400,Crazy Machines 2
18420,Crazy Machines
18450,Crazy Machines 1.5 New from the Lab
18460,Crazy Machines 1.5 Inventors Training Camp
18470,Helldorado
18480,Mata Hari
18490,The Whispered World
18600,Mayhem Intergalactic
18700,And Yet It Moves
18709,And Yet It Moves
18820,Zero Gear
17330,Crysis Warhead
17340,Crysis Wars
17390,Spore
17400,FIFA Manager 09
17410,Mirror's Edge
17510,Age of Chivalry
17520,Synergy
17530,D.I.P.R.I.P. Warm Up
17550,Eternal Silence
17570,"Pirates, Vikings, & Knights II"
17580,Dystopia
17710,Nuclear Dawn
17730,Smashball
17740,Empires
18000,"On the Rain-Slick Precipice of Darkness, Episode One"
18020,"On the Rain-Slick Precipice of Darkness, Episode Two"
18040,DeathSpank
16700,Stronghold Crusader Extreme HD
16710,Insecticide Part 1
16720,Velvet Assassin
16730,Legendary
17000,Global Agenda - Beta
17020,Global Agenda
17030,Global Agenda - Beta
17100,Children of the Nile
17140,Hinterland
17180,Mosby's Confederacy
17310,Crysis
17311,Crysis Warhead
17312,Crysis Wars
15960,Little Farm
16020,Samantha Swift and the Hidden Roses of Athena
16060,Samantha Swift and the Golden Touch
15210,Silent Hunter III
15300,Tom Clancy's Ghost Recon
15500,The Wonderful End of the World
15520,AaAaAA!!! - A Reckless Disregard for Gravity
15560,AaaaaAAaaaAAAaaAAAAaAAAAA!!! for the Awesome
12840,DiRT 2
12900,Audiosurf
13140,America's Army 3
13520,Far Cry
13560,Tom Clancy's Splinter Cell
15100,Assassin's Creed
15130,Beyond Good & Evil
15160,Petz Horsez 2
15170,Heroes of Might & Magic V
12320,Sacred Gold
12330,DarkStar One
12340,Jack Keane
12470,Port Royale 2
12500,Puzzle Quest
12560,Ride! Carnival Tycoon
12640,Drakensang
12690,Hunting Unlimited 2010
12750,GRID
12770,Rise of the Argonauts
12790,Damnation
12799,Damnation
12800,FUEL
12810,Overlord II
12819,Overlord II
11360,Chains
11420,Clive Barker's Jericho
11424,Clive Barker's Jericho
11440,DiRT
11450,Overlord
11500,ToCA Race Driver 3
11560,Maelstrom
11590,Hospital Tycoon
11610,Dragon Nest
11900,Lumines
12130,Manhunt
12140,Max Payne
12170,Grand Theft Auto
12180,Grand Theft Auto 2
12219,Grand Theft Auto IV
10650,Stormrise
10660,Stormrise
10680,Aliens vs. Predator
10699,Aliens vs. Predator
11060,Pro Cycling Manager Season 2008
11120,Pro Cycling Manager Season 2009
11190,Sherlock Holmes versus Jack the Ripper
11230,Gumboy Tournament
11250,Pacific Storm
11340,Larva Mortus
10080,Quantum of Solace
10100,King's Quest Collection
10110,Space Quest Collection
10130,TimeShift
10150,Prototype
10159,Prototype
10170,Wolfenstein
10230,Dead Mountaineer's Hotel
10460,The Club
10540,Football Manager 2009
10545,Football Manager 2009
10546,Worldwide Soccer Manager 2009
10560,Worldwide Soccer Manager 2009
9350,Supreme Commander
9480,Saints Row 2
9500,Gish
9740,Indigo Prophecy
9800,Death to Spies
9880,Champions Online
9900,Star Trek Online
9940,Blade Kitten
9949,Blade Kitten
9960,Haunted House
9980,The UnderGarden
8790,GTR 2 - FIA GT Racing Game
8840,Major League Baseball 2K9
8850,BioShock 2
8870,BioShock Infinite
8880,Freedom Force
8890,Freedom Force vs. the 3rd Reich
8930,Sid Meier's Civilization V
8950,Borderlands
8970,Axel & Pixel
8989,Borderlands
9010,Return to Castle Wolfenstein
9060,HeXen II
9180,Commander Keen Complete Pack
9200,RAGE
8190,Just Cause 2
8330,Telltale Texas Hold'Em
8500,EVE Online
8600,RACE 07
8640,RACE On
8660,GTR Evolution
8662,GTR Evolution
7510,X-Blades
7530,Two Worlds II Castle Defense
7600,Sid Meier's Railroads!
7610,Railroad Tycoon 3
7670,BioShock
7700,BioShock
7740,NBA 2K9
7800,Stubbs the Zombie in Rebel Without a Pulse
7830,Men of War
7850,Cryostasis
7860,NecroVisioN
7900,The Movies
8060,Championship Manager 2008
6880,Just Cause
7020,Rogue Trooper
7060,Infernal
7260,Loki
6010,Indiana Jones and the Fate of Atlantis
6040,The Dig
6100,Eets
6120,Shank
6200,Ghost Master
6220,FlatOut
6270,Ducati World Championship
6310,The Longest Journey
6370,Bloodline Champions
6600,Bullet Candy
5954,Governor of Poker 2
5955,NBA 2K11
5975,Homefront
5698,Max and the Magic Marker
5488,Devil May Cry 4
5418,NBA 2K10
5346,Heroes Over Europe
5152,Grand Theft Auto IV
4420,Silverfall
4460,City Life 2008
4520,Full Spectrum Warrior
4540,Titan Quest
4800,Heroes of Annihilated Empires
4900,Zen of Sudoku
4920,Natural Selection 2
3650,Zuma's Revenge! - Adventure
3700,Sniper Elite
3720,Evil Genius
3730,Aliens versus Predator Classic 2000
3800,Advent Rising
3810,BloodRayne
3820,BloodRayne 2
3830,Psychonauts
3840,Psychonauts Demo
3900,Sid Meier's Civilization IV
3920,Sid Meier's Pirates!
3960,Shattered Union
3970,Prey
4000,Garry's Mod
4300,RoboBlitz
209520,Mini Motor Racing EVO
209540,Strike Suit Zero
209670,Cortex Command
209690,Fieldrunners
209730,RAW - Realms of Ancient War
209750,Cannon Fodder 3
209790,Splice
209060,Drunken Robot Pornography
209080,Guns of Icarus Online
209120,Street Fighter X Tekken
209190,Stealth Bastard Deluxe
209202,Stealth Bastard Deluxe - The Teleporter Chambers
209230,Sherlock Holmes and The Hound of The Baskervilles
209270,Hero Academy
209330,A Valley Without Wind
209360,AZMD! Scorepocalypse 
209390,Dungeonbowl Knockout Edition
208981,Dismal Swamp DLC
208982,Limited Edition
208520,Omerta - City of Gangsters
208600,Lunar Flight
208670,Blades of Time
208730,Game of Thrones 
208750,Apotheon
208460,Tryst
207610,The Walking Dead
207650,A Virus Named TOM
207670,AVSEQ
207690,Botanicula
207710,Bumbledore
207730,Arena Wars 2
207750,Symphony
207790,Jane's Advanced Strike Fighters
207890,Football Manager 2013
207930,Sacred Citadel
208030,Moon Breakers
208110,Myst V
207040,Sine Mora
207060,MLB 2K12
207140,SpeedRunners
207170,Legend of Grimrock
207210,Tony Hawk's Pro Skater HD
207230,Archeblade
207250,Cubemen
207350,Ys Origin
207420,Wizorb
207430,"Hack, Slash, Loot"
207490,Rayman Origins
207570,English Country Tune
206980,War of the Roses Balance Beta
207000,Alien Spidy
207020,Bang Bang Racing
206190,Gunpoint
206410,Crazy Machines Elements
206420,Saints Row IV
206440,To the Moon
206610,3SwitcheD
206690,iBomber Defense Pacific
205950,Jet Set Radio
206020,Avernum 4
206040,Avernum 5
206060,Avernum 6
205270,3DMark 11
205350,Mortal Kombat Kollection
205530,Gratuitous Tank Battles
205590,Legends of Pegasus
205610,Port Royale 3
205650,The Testament of Sherlock Holmes
205690,1000 Amps
205710,EverQuest Free-to-Play
205730,Insanely Twisted Shadow Planet
205830,Luxor Evolved
205840,Yesterday
205870,Auditorium
204840,Babel Rising
204940,Crusader Kings Complete
205020,Lumino City
205060,BIT.TRIP CORE
205070,BIT.TRIP VOID
205080,BIT.TRIP FATE
205083,BIT.TRIP FATE Original Soundtrack
205093,BIT.TRIP FLUX Soundtrack
205100,Dishonored
205230,Hell Yeah!
205250,3DMark Vantage
204340,Serious Sam 2
204360,Castle Crashers
204371,Castle Crashers - Pink Knight Pack
204372,Castle Crashers - Blacksmith Pack
204450,Call of Juarez Gunslinger
204530,Infested Planet
204560,Confrontation
204100,Max Payne 3
204140,All Zombies Must Die!
204180,Waveform
204220,Snapshot
204240,The Bridge
204300,Awesomenauts
203630,Warlock - Master of the Arcane
203650,SONIC THE HEDGEHOG 4 Episode II
203730,Q.U.B.E.
203750,Binary Domain
203770,Crusader Kings II
203810,Dear Esther
203850,Microsoft Flight
203990,SATAZIUS
204030,Fable - The Lost Chapters
204080,The Showdown Effect
203160,Tomb Raider
203210,Titan Attacks
203250,Star Trek
202485,Skyrim High Resolution Texture Pack
202530,SONIC THE HEDGEHOG 4 Episode I
202710,Demigod
202730,Dynamite Jack
202750,Alan Wake's American Nightmare
202070,Choplifter HD
202130,Impire
202370,Scarygirl
202410,Scoregasm
201870,Assassin's Creed Revelations
201420,Toki Tori 2+
201490,Airline Tycoon 2
201510,Flatout 3
201570,Really Big Sky
201700,DiRT Showdown
201760,Cities XL 2012
201790,Orcs Must Die! 2
200710,Torchlight II
200900,Cave Story+
200910,Before the Echo
200960,Geneforge 1
200980,Geneforge 2
200990,Geneforge 3
201000,Geneforge 4
201010,Geneforge 5
201020,NBA 2K12
201040,Galcon Legends
201070,Revelations 2012
201210,Pox Nora
201230,EverQuest II
200190,Sideway
200230,Off-Road Drive
200350,Starvoid
200390,Oil Rush
200440,Two Worlds 2 - Pirates of the Flying Fortress 
200490,Memento Mori
115120,Iron Brigade
115210,American Conquest
115220,American Conquest - Fight Back
115320,PROTOTYPE 2
115340,Prototype 2 RADNET Access Pack
116100,Super Toy Cars
116120,Lightfish
200010,Quantum Conundrum
200130,Puzzler World 2
200170,Worms Revolution
111100,Snuggle Truck
111400,Bunch Of Heroes
111600,Serious Sam Double D XXL
111800,Blocks That Matter
111900,Guardians of Middle-earth
113020,Monaco
113200,The Binding of Isaac
113400,APB Reloaded
113900,World of Battles
115100,Costume Quest
115110,Stacking
107900,War Inc. Battlezone
108110,Starpoint Gemini
108200,Ticket to Ride
108210,Memoir '44 Online
108230,Ticket to Ride - Europe
108231,Ticket to Ride - Switzerland
108232,Ticket to Ride - USA 1910
108233,Ticket to Ride - Legendary Asia
108500,Vessel
108600,Project Zomboid
108700,Death Rally
108710,Alan Wake
108800,Crysis 2 Maximum Edition
109200,Legend of Fae
109400,MicroVolts Surge
109410,Brawl Busters
109600,Neverwinter
109700,Achron
110400,inMomentum
110600,Astro Tripper
110610,Alien Zombie Megadeath
110630,Mutant Storm Reloaded
110800,L.A. Noire
111000,The Clockwork Man
104600,Portal 2 - The Final Hours
104700,Super Monday Night Combat
105000,A New Beginning - Final Cut
105100,Lume
105300,Critical Mass
105400,Fable III
105420,Ms. Splosion Man
105430,Age of Empires Online
105600,Terraria
105700,Tobe's Vertical Adventure
105800,PixelJunk Eden
106000,The Cursed Crusade
107100,Bastion
107200,Space Pirates and Zombies
107300,Breath of Death VII 
107310,Cthulhu Saves the World 
107410,Arma 3
107600,Waves
102400,Vertex Dispenser
102600,Orcs Must Die!
102820,The Sims(TM) Medieval
102840,Shank 2
102850,WARP
104000,iBomber Defense
104020,Storm in a Teacup
104100,Inside a Star-filled Sky 
104200,BEEP
100410,CameraBag 2
100970,ArtRage Studio Pro
99700,NightSky
99809,Dragon Age II
99810,Bulletstorm
99830,Crysis 2
99839,Crysis 2
99890,Darkspore
99900,Spiral Knights
99910,Puzzle Pirates
99920,Spiral Knights Preview
98100,TRAUMA
98200,Frozen Synapse
98300,Toy Soldiers
98400,Hard Reset
98500,Naval Warfare
98600,"Demolition, Inc."
98800,Dungeons of Dredmor
98900,Alien Hallway
99300,Renegade Ops
95700,The Cat and the Coup
95900,Air Conflicts - Secret Wars
96000,The Tiny Bang Story
96100,Defy Gravity
96300,Ravaged Zombie Apocalypse
96800,Nexuiz
96900,Slam Bolt Scrappers
97000,Solar 2
92600,Xotic
92800,SpaceChem
93200,Revenge of the Titans
94000,Dinner Date
94200,Jamestown
94300,The Dream Machine
94400,Nidhogg
94590,Puzzle Agent 2
95300,Capsized
95400,ibb & obb
95500,Your Doodles Are Bugged!
91800,Cloning Clyde
91900,Post Apocalyptic Mayhem
92100,DETOUR
92200,Gundemonium Recollection
92210,Hitogata Happa
92220,GundeadliGne
92300,A.R.E.S.
92400,B.U.T.T.O.N.
92500,PC Gamer
90200,Farming Simulator 2011
90400,Blue Toad Murder Files - The Mysteries of Little Riddle
90500,Guardians of Graxia
90530,Battle for Graxia
91100,SkyDrift
91200,Anomaly Warzone Earth
91310,Dead Island
91600,Sanctum
82060,Guns of Icarus Online
81994,Garshasp Temple of the Dragon
82017,Dogfight 1942
81971,They Bleed Pixels
81983,Air Conflicts Pacific Carriers
81655,Nancy Drew Tomb of the Lost Queen
81591,Resident Evil Operation Raccoon City
81562,Revelations 2012
81401,Aliens Colonial Marines
81198,Worms Crazy Golf
80895,Trainz Simulator 12
80820,BEEP
80823,Vertex Dispenser
80776,Universe Sandbox
80200,Fate of the World
80300,Puzzle Bots
80310,Gemini Rue
80330,The Blackwell Legacy
80340,Blackwell Unbound
80350,Blackwell Convergence
80360,Blackwell Deception
80401,Blood Bowl Legendary Edition
73190,Pride of Nations
73210,Sengoku
73220,Supreme Ruler Cold War
73230,Majesty Gold HD
78000,Bejeweled 3
80000,APOX
72900,Winter Voices
73010,Cities in Motion
73020,Majesty 2 Collection
73060,Defenders of Ardania
71230,Crazy Taxi
71240,SEGA Bass Fishing
71250,Sonic Adventure DX
71270,Football Manager 2012
71340,Sonic Generations
71390,Virtua Tennis 4
72000,Closure
72300,Breach
70300,VVVVVV
70420,Chantelise
70500,Diamond Dan
70600,Worms Ultimate Mayhem
70620,Worms Crazy Golf
70640,Worms
70650,Worms Blast
70660,Worms Pinball
70900,Star Ruler
71000,Evochron Mercenary
65800,Dungeon Defenders
65950,NBA 2K11
67000,The Polynomial
67370,The Darkness II
70000,Dino D-Day
70100,Hacker Evolution
70110,Hacker Evolution - Untold
70120,Hacker Evolution Duality
70200,Governor of Poker 2
65300,Dustforce
65530,SpellForce 2 - Faith in Destiny
65600,Gothic 3 Forsaken Gods Enhanced Edition
65730,Take On Helicopters
65070,Ride 'em Low
65200,Dive to the Titanic
63110,Alter Ego
63200,Monday Night Combat
63209,Monday Night Combat
63380,Sniper Elite V2
63500,Swords and Soldiers HD
63600,realMyst
63610,Riven
63620,Cosmic Osmo
63630,Manhole
63640,Spelunx
63700,BIT.TRIP BEAT
63710,BIT.TRIP RUNNER
63800,Delve Deeper
63900,Fantasy Wars
60350,Glowfish
60600,ProtoGalaxy
61100,Lucid
61230,Red Bull X-Fighters
61500,Age of Wonders
61730,Critter Crunch
62000,Flight Control HD
62100,Chime
62109,Chime
63000,HOARD
57970,Duke Nukem Forever 
58200,Jolly Rover
58230,MacGuffin's Curse
58300,System Protocol One
58510,Cities XL 2011
58540,Divinity II - The Dragon Knight Saga
58550,A Game of Thrones - Genesis
58570,The Next BIG Thing
57000,NyxQuest
57200,Puzzle Dimension
57680,The First Templar
57690,Tropico 4
57700,Who's That Flying?!
57740,Jagged Alliance - Back in Action
57900,Duke Nukem Forever
3400,Hammer Heads Deluxe
3410,Heavy Weapon Deluxe
3420,Iggle Pop! Deluxe
3430,Pizza Frenzy
3450,Typer Shark! Deluxe
3460,Talismania Deluxe
3470,Bookworm Adventures Deluxe
3480,Peggle Deluxe
3483,Peggle Extreme
3490,Venice
3530,Amazing Adventures Around the World
3540,Peggle Nights
3560,Bejeweled Twist
3580,The Wizard's Pen
3600,Escape Rosecliff Island
3620,Zuma's Revenge
3629,Zuma's Revenge
3630,BookWorm Adventures Volume 2
2850,X-Tension
2870,X Rebirth
2930,Birth Of America
2990,FlatOut 2
3010,Xpand Rally
3020,Call of Juarez
3050,Xpand Rally Xtreme
3160,A Farewell to Dragons
3230,Genesis Rising
3270,Painkiller Overdose
3300,Bejeweled 2 Deluxe
3310,Chuzzle Deluxe
3320,Insaniquarium! Deluxe
3330,Zuma Deluxe
3340,AstroPop Deluxe
3350,Bejeweled Deluxe
3360,Big Money! Deluxe
3370,BookWorm Deluxe
3380,Dynomite! Deluxe
2450,Bloody Good Time
2500,Shadowgrounds
2525,Gumboy Crazy Features
2540,RIP
2590,Alpha Prime
2610,GUN
2630,Call of Duty 2
1690,Space Empires V
1700,Arx Fatalis
1840,Source Filmmaker
1900,Earth 2160
2100,Dark Messiah of Might & Magic Single Player
2114,Dark Messiah of Might & Magic Multi-Player
2115,Dark Messiah of Might & Magic Single Player
2130,Dark Messiah of Might & Magic Multi-Player
2200,Quake III Arena
2210,Quake 4
2270,Wolfenstein 3D
2310,Quake
2320,Quake II
2400,The Ship
2420,The Ship Single Player
2430,The Ship Tutorial
1002,Rag Doll Kung Fu
1210,Red Orchestra Beta
1230,Mare Nostrum
1250,Killing Floor
1259,Killing Floor
1270,Killing Floor Beta
1500,Darwinia
1510,Uplink
1520,DEFCON
1530,Multiwinia
1600,Dangerous Waters
1610,Space Empires IV Deluxe
620,Portal 2
630,Alien Swarm
660,Portal 2 Sixense MotionPack
10,Counter-Strike
20,Team Fortress Classic
220,Half-Life 2
30,Day of Defeat
40,Deathmatch Classic
400,Portal
440,Team Fortress 2
500,Left 4 Dead
550,Left 4 Dead 2
60,Ricochet
70,Half-Life
92,Codename Gordon
285090,Robowars
285350,Kingdom Elemental
285420,Deadly Sin 2
285440,Crimzon Clover  WORLD IGNITION
285480,The Entente Gold
285500,Hard Truck Apocalypse / Ex Machina
285520,Sledgehammer / Gear Grinder
284930,Speed Kills
284970,Project Root
285050,Showtime!
283820,KAMUI
283840,ALLTYNEX Second
283920,Putt-Putt Joins the Parade
283960,Pajama Sam in No Need to Hide When It's Dark Outside
284000,Putt-Putt and Pep's Balloon-o-Rama
284020,Freddi Fish and Luther's Maze Madness
284050,Sanitarium
284160,BeamNG.drive
284200,Robot Rescue Revolution
284290,Farm Machines Championships 2014
284441,Tropico 5 - Espionage
284460,DeadCore
283180,The Samaritan Paradox
283230,Spoiler Alert
283270,Jagged Alliance Gold
283310,Soulbringer
283330,Desert Thunder
283350,Eurofighter Typhoon
283390,Incoming Forces
283430,Litil Divil
283470,The Secret Of Hildegards
283490,Ihf Handball Challenge 12
282350,NBA 2K15
282400,SuperPower 2 Steam Edition
282440,Quake Live
282470,Don't Starve Reign of Giants
282590,Star Ruler 2
282620,The Battle of Sol
282680,Warring States
282740,Organic Panic
282760,Circuits
282800,100% Orange Juice
282880,FaeVerse Alchemy
282900,Hyperdimension Neptunia Re;Birth1
283000,Strategic War in Europe
283080,Super Chibi Knight
281750,Munin
281820,Explodemon
281860,RefleX
282010,Carmageddon Max Pack
282050,MX vs. ATV Supercross Encore
282070,This War of Mine
282100,Fearless Fantasy
282140,SOMA
282201,Aura Kingdom - Winter Gift
282210,Sid Meier's Starships
281060,Reversion - The Meeting
281260,Desert Gunner
281370,Real Horror Stories Ultimate Edition
281390,O.R.B.
281410,Ubersoldier II
281430,Clans
281450,Disciples Sacred Lands Gold
281600,Agarest Zero - DLC Pack 1
281601,Agarest Zero - DLC Pack 2
281602,Agarest Zero - DLC Pack 3
281603,Agarest Zero - DLC Pack 4
281604,Agarest Zero - DLC Pack 5
281606,Agarest Zero - DLC Pack 7
280040,A Wizard's Lizard
280140,Millennium - A New Hope
280320,Adventurer Manager
280460,Pulstar
280560,Danmaku Unlimited 2
280600,BloodLust Shadowhunter
280620,Fiesta Online
280720,Imagine Earth
280830,Foosball - Street Edition
280910,T.E.C. 3001
281050,Vanguard Princess Director's Cut
279440,Joe Dever's Lone Wolf HD Remastered
279540,Pretentious Game
279560,Dracula 4 and  5 - Special Steam Edition
279720,The I of the Dragon
279940,The Book of Unwritten Tales 2
279990,Bridge Constructor Playground
278810,LA Cops
278890,Angvik
278910,Interplanetary
278930,Gigantic Army
278970,DiggerOnline
279260,Richard & Alice
278140,Dead Rising 3 DLC4
278360,A Story About My Uncle
278440,0RBITALIS
278460,Skyborn
278530,3 Stars of Destiny
278570,Labyrinthine Dreams
278620,TinyKeep
277850,Sportsfriends
277870,Diehard Dungeon
277630,Panzer Tactics HD
277680,"About Love, Hate and the other ones"
276210,Darksiders II Soundtrack
276360,Riding Star
276440,Kingdom Tales
276750,Fritz Chess 14
277110,Return to Mysterious Island
277270,Return to Mysterious Island 2
277450,Imperial Glory
277460,Praetorians
277470,The Book of Legends
277490,Battle Group 2
277500,Farming World
277510,Shiny The Firefly
277590,Assassin's Creed Freedom Cry
275530,Z
275570,Summoner
275670,Space Run
275700,Arma 3 Zeus
276190,Red Faction Armageddon Soundtrack
276200,Darksiders Soundtrack
275180,Costume Quest 2
275390,Guacamelee! Super Turbo Championship Edition
275470,Chip
275490,Canyon Capers
274560,Revolution Ace
274620,Skara - The Blade Remains
274880,Jet Car Stunts
274900,Murder Miners
274940,Depth
274980,Influent
275080,Post Master 
275100,Shelter 2
273730,Driving School Simulator
273760,Towtruck Simulator 2015
273770,Game Tycoon 1.5
273940,Warehouse and Logistics Simulator
274110,Dead Rising 3 DLC1
274111,Dead Rising 3 DLC2
274112,Dead Rising 3 DLC3
274190,Broforce
274230,RONIN
274250,OlliOlli
274270,NOT A HERO
274290,Gods Will Be Watching
274310,Always Sometimes Monsters
273290,SpellForce 2 - Demons of the Past - Soundtrack
273500,Over 9000 Zombies!
273527,Pinball FX2 - Super League - Zen Studios F.C. Table
273550,Terrain Test
273570,Descent
273580,Descent 2
273590,Descent 3
272350,Tom Clancy's Ghost Recon Phantoms - EU
272470,The Incredible Adventures of Van Helsing II
272490,Brick-Force (US)
272600,Detective Grimoire
272680,Beat Hazard - Shadow Operations Unit
272690,Blast Em! Source Code
272890,Vertiginous Golf
272990,GAUGE
273030,Pro Rugby Manager 2015
273070,The Last Federation
271820,Card City Nights
272040,KAMI
272060,Serena
271520,Loadout Steam Launch Starter Pack
271570,Space Farmers
271590,Grand Theft Auto V
271640,Humanity Asset
271670,10 Second Ninja
271730,Light
271240,Offworld Trading Company
271360,Industry Giant 2
271400,Electronic Super Joy Bonus Content
270750,Realms of Arkania 2 - Star Trail Classic
270760,Realms of Arkania 3 - Shadows over Riva Classic
270770,Etherlords
270790,Etherlords II
270850,Car Mechanic Simulator 2014
270941,AGFPRO Fantasy Side-Scroller Player
270950,Ski Region Simulator
269610,Arcane Worlds
269650,Dex
269730,The Golf Club
269770,Secrets of Grindea
269890,AR-K
269910,Xam
270050,Quest of Dungeons
270090,N.P.P.D. RUSH - The milk of Ultra violet
270110,Block Story
270150,RUNNING WITH RIFLES
270170,Depression Quest
270190,1Heart
270310,Dominique Pamplemousse
270450,Robot Roller-Derby Disco Dodgeball
270490,The Forest of Doom
270550,Yet Another Zombie Defense
270570,Reversion - The Escape
268650,From The Depths
268750,Magicite
268870,Satellite Reign
269010,Science Girls
269030,The Yawhg
269050,Year Walk
269110,Super Motherload
269150,Luxuria Superbia
269210,Hero Siege
269250,WORLD END ECONOMiCA episode.01
269330,Chronology
269370,Reaper - Tale of a Pale Swordsman
269390,Dethroned!
269490,Bardbarian
268200,Antisquad
268220,Meltdown
268240,Mechanic Escape
268320,Grapple
268400,Panzer Corps
268540,The Whispered World Special Edition
267900,Guilty Gear Isuka
267920,Gun Metal
267960,Hyper Fighters
268050,The Evil Within
268090,Starbound - Soundtrack
267550,The Amazing Spider-Man 2
267600,Airport Simulator 2014
267610,Woodcutter Simulator 2013
267660,Finding Teddy Soundtrack
267670,Realms of Arkania 1 - Blade of Destiny Classic
266930,Euro Truck Simulator 2 - Ice Cold Paint Jobs Pack
266940,Alex Hunter - Lord of the Mind
267060,Gravity Badgers
267340,Beware Planet Earth
267360,MURI
265930,Goat Simulator
265950,Ether One
265990,Rogue's Tale
266010,LYNE
266030,DRAKERZ-Confrontation
266050,Into the Dark
266110,Tower of Guns
266130,Breach & Clear
266150,Lost Saga North America
266170,Windforge
266210,One Way Heroics
266230,Last Dream
266370,Calibre 10 Racing Series
266390,Farm for your Life
266410,iRacing
266430,Anarchy Arcade
266550,Spark Rising
265200,Pinball FX2 - Doctor Strange Table
265300,Lords Of The Fallen
265330,Gomo
265380,Grimind
265400,FX Football - The Manager for Every Football Fan
265550,Dead Rising 3
265590,The Red Solstice
265610,Epic Battle Fantasy 4
265630,Fistful of Frags
265670,Imagine Me
265690,NaissanceE
265750,Secret Ponchos
265770,Cannons Lasers Rockets
265830,Monochroma
265890,Hexcells
265191,Thief - Opportunist
265192,Thief - Predator
265193,Thief - Ghost
264340,Major Mayhem
264380,Narcissu 1st & 2nd
264540,Platformines
264690,Coin Crypt
264710,Subnautica
264730,Deadly 30
263360,3089 -- Futuristic Action RPG
263380,Driftmoon
263400,War of the Human Tanks
263420,Probably Archery
263540,Villagers and Heroes
263560,Paper Sorcerer
263620,Mitsurugi Kamui Hikae
263700,Muffin Knight
263760,Turbo Dismount
263820,EvilQuest
263860,SPACECOM
263880,Aqua Kitty - Milk Mine Defender
263920,Zombie Grinder
263980,Out There Somewhere
264060,Full Bore
264080,Vangers
264140,Pixel Piracy
264200,One Finger Death Punch
264220,Mr. Bree+
264280,99 Levels To Hell
264300,Guns'N'Zombies
264320,Captain Morgane and the Golden Turtle
262390,Cloudbuilt
262470,Rollers of the Realm
262550,Gunman Clive
262690,Little Racers STREET
262770,Freedom Fall
262790,Our Darker Purpose
262830,Crimsonland
262900,Smooth Operators
262920,Super Chain Crusher Horizon
262940,Broken Sword 5 - the Serpent's Curse
262960,Castle In The Darkness
262980,C-RUSH
263020,STARWHAL
263060,Blockstorm
263100,9.03m
263120,LUDWIG
263320,Saturday Morning RPG
261700,Eryi's Action
261720,Holy Avatar vs. Maidens of the Dead
261940,The Mysterious Cities of Gold - Secret Paths
262080,Iron Soul
262150,Vanguard Princess
262260,Jets'n'Guns Gold
262280,Dungeons 2
262300,Tsukumogami
261420,Desktop Dungeons Soundtrack
261421,Desktop Dungeons Goatperson DLC
261430,AION Free-to-Play
261510,Tesla Effect
261530,Lifeless Planet
261570,Ori and the Blind Forest
260730,Desperados - Wanted Dead or Alive
260750,Neighbours from Hell
260770,Neighbours from Hell 2
260880,FORCED Original Soundtrack
260930,Emergency 2014
261110,Killer is Dead
261180,Lethal League
260400,Chunk of Change Knight
260403,High Roller
260410,Get Off My Lawn!
260430,The Four Kings Casino and Slots
260510,World Basketball Tycoon
260550,Haunted
260570,Gray Matter
259720,Fading Hearts
259760,Two Brothers
259780,Nimble Quest
259830,Wooden Sen'SeY
259900,Thief - The Bank Heist
259940,YOU DON'T KNOW JACK Vol. 2
259960,YOU DON'T KNOW JACK Vol. 3
259980,YOU DON'T KNOW JACK Vol. 4 The Ride
260000,YOU DON'T KNOW JACK MOVIES
260020,YOU DON'T KNOW JACK SPORTS
260040,YOU DON'T KNOW JACK TELEVISION
260060,YOU DON'T KNOW JACK HEADRUSH
260130,Agarest Zero
260210,Assassin's Creed Liberation
260250,Blood of the Werewolf
259060,Dominions 4
259130,Wasteland 1 - The Original Classic
259320,Heli Heroes
259340,Chicken Shoot Gold
259360,Chicken Shoot 2
259430,Zigfrak
259470,Particulars
259490,Beast Boxing Turbo
259530,Savant - Ascent
259550,Hero of the Kingdom
259590,Small World 2 - Cursed!
259591,Small World 2 - Grand Dames
259592,Small World 2 - Be Not Afraid...
259600,Finding Teddy
259660,Void Destroyer
259680,Tales of Maj'Eyal
258760,Scania Truck Driving Simulator
258880,Professional Farmer 2014
258910,Citizens of Earth
258940,Rift Ascended Edition
258950,Montague's Mount
259020,Dragon's Prophet (EU)
259040,State of Decay - Breakdown
259041,State of Decay - Lifeline
258590,Finn and Jake's Epic Quest
258700,Dragon Nest Europe
258520,The Vanishing of Ethan Carter
257400,Fuse
257510,The Talos Principle
257630,Blast Em!
257710,Max Gentlemen
257730,Infinity Wars - Animated Trading Card Game
257750,Bloody Trapland
257770,Signal Ops
257830,Violett
257890,Frozen Hearth
258050,Survivor Squad
258090,99 Spirits
258160,Rise of Incarnates
258220,Blood Knights
257050,Darkout
257120,Not The Robots
256290,Child of Light
256330,WRC 4 FIA WORLD RALLY CHAMPIONSHIP
256350,WRC Powerslide
256370,MXGP - The Official Motocross Videogame
256480,Pro Evolution Soccer 2014 Online Pass
255920,The 7th Guest
255940,The 11th Hour
255960,Bad Mojo Redux
256010,Jagged Alliance Flashback
256050,Adventure Park
256190,Enemy Front
255070,Abyss Odyssey
255260,Pro Cycling Manager 2014
255280,1954 Alcatraz
255300,Journey of a Roach
255340,Escape Goat 2
255370,KickBeat Steam Edition
255480,NBA 2K14
254480,Obscure 2
254590,Theme Park Studio
254860,Lords of the Realm III
254920,Lords of the Realm
254960,Silent Storm
254980,Silent Storm Sentinels
253880,Earth 2150 Trilogy
253900,Knights and Merchants
253920,Gorky 17
253940,Septerra Core
253960,Jack Orlando Director's Cut
253980,Enclave
254000,East India Company Gold
254040,Pirates of Black Cove Gold
254060,KnightShift
254200,FortressCraft Evolved
254270,Dungeonland - All access pass
254320,Duskers
254440,Pool Nation
254460,Obscure
253030,Race The Sun
253110,The Cat Lady
253150,Halfway
253250,Stonehearth
253290,FOTONICA
253330,Neverending Nightmares
253350,Tiny Barbarian DX
253370,Axis Game Factory's AGFPRO 3.0
253430,CastleMiner Z
253470,Real World Racing
253510,Warmachine Tactics
253530,Fortress Forever
253610,Wrack
253630,Steam Marines
253650,Sparkle 2 Evo
253690,Tiny Brains
253750,Ikaruga
253770,Bus-Simulator 2012
253790,rymdkapsel
253860,Earth 2140 HD
251970,Sins of a Dark Age
251990,Long Live The Queen
252010,Oniken
252050,Construction Machines 2014
252070,Gimbal
252170,Anomaly Warzone Earth Mobile Campaign
252250,Maia
252310,Syder Arcade
252350,Double Dragon Neon
252370,The Shivah
252410,SteamWorld Dig
252450,StarDrive 2
252490,Rust
252530,OMSI 2
252630,Eldritch
252670,Nihilumbra
252730,YOU DON'T KNOW JACK Vol. 1 XL
252830,Claire
252910,Skyscraper Simulator
383080,Sakura Clicker
383120,Empyrion - Galactic Survival
383230,Dungeon Souls
383380,Cosmonautica - Soundtrack
382800,Daylight
382850,Piercing Blow
382910,Blood Bowl 2 - Wood Elves
382210,Blood Bowl 2 - Lizardmen
382300,Kidnapped
382350,Devil's Bluff
382480,Super Dungeon Run
381900,Bard's Gold
381140,Cruel Arena
381560,Epic Cards Battle(TCG)
380840,Teeworlds
381050,The Ritual on Weylyn Island
381090,Ted by Dawn
381120,Shoppe Keep
380360,Tap Tap Infinity
380580,SpaceCorn
380600,Fishing Planet
380140,The Secret of Tremendous Corporation
380150,STASIS
379290,Sumo Revise
379310,LISA the Joyful
379400,Crypt of the NecroDancer Extras
378950,Ori and the Blind Forest (Original Soundtrack)
378480,Badland Bandits
378550,NASCAR '15 Paint Pack 1
378120,Football Manager 2016
378180,Football Manager 2016 Demo
378370,Nomad
377430,Who Is Mike
377470,ENKI
377540,Cast of the Seven Godsends - Soundtrack
377600,Tcheco in the Castle of Lucio
377641,Lifetime Access to Online Services for rFactor 2
377760,Fox & Flock
377900,Empire TV Tycoon
377150,Tactical Genius
377160,Fallout 4
377310,The Tower Of Elements
377330,Close Your Eyes
376920,Tiki Man
375960,Pro Evolution Soccer 2016
376140,SAGA
376300,GUILTY GEAR Xrd -SIGN-
375460,16bit Trader
375510,New kind of adventure
375600,Air Brawl
375710,The Adventures of Mr. Bobley
375910,Anno 2205
375950,Viridi
375030,Korwin The Game
375180,Lunch Truck Tycoon
375220,Bitweb
375330,Butsbal
374570,Kung Fury
374390,Call to Arms - Deluxe Edition
373680,Aion
373700,Lineage II
373980,Galactic Civilizations III - Map Pack DLC
373240,Black Sails
373330,All Is Dust
373440,Stargazer
372800,RPG MO
372870,Car Mechanic Simulator 2015 - Visual Tuning
372380,Warriors & Castles
372670,Realm of Perpetual Guilds
372030,Starship Rubicon
372210,Spooky Cats
372250,Turnover
371270,The Quiet Girl's Guide to Violence
371310,Karos Returns
371550,A Bastard's Tale
371570,Tap Heroes
370920,Cosmophony
371180,Super 3-D Noah's Ark
370540,Gary Grigsby's War in the East
370600,Hello Kitty and Sanrio Friends Racing
370080,Breezeblox
370190,Ruzh Delta Z
370240,NBA 2K16
370310,Tompi Jones
370360,TIS-100
370020,Templar Battleforce
369710,Moonrise Base Game + Warden's Pack
369720,Moonrise Base Game + Guildmaster's Pack
369000,Pongo
369060,Amygdala
369110,The Swindle
369180,SoulCraft
368500,Assassin's Creed Syndicate
368650,Dark Echo
368730,No Time To Explain Remastered
368920,Axiom Verge Original Soundtrack
368990,Despair
368340,CrossCode
368360,60 Seconds!
368370,Her Story
367670,Controller Companion
367710,Afterlife Empire
367270,Angels Fall First
367290,Bloodsports.TV - Blood Brawl
367450,Poly Bridge
367540,Starbound - Unstable
367550,Rugby League Team Manager 2015
367570,oO
367580,Hook
366990,Puzzle Station 15th Anniversary Retro Release
367000,Fine Sweeper
367120,Seduce Me the Otome
366530,Esenthel Engine
366800,Mainland
366080,Crypt of the NecroDancer Extended Soundtrack
365450,Hacknet
365520,GameGuru - Buildings Pack
365720,Skyrim Script Extender (SKSE)
365770,Volume
365820,Company of Heroes 2 - The British Forces
365840,Batla - Starter Pack
365960,rFactor 2
365050,Escape
365070,One Manga Day
365110,After All
365210,Hollywood Visionary
365270,Shadow Hunter
365360,Battle Brothers
365420,Apollo4x
364450,Freshman Year
364690,SUPER DISTRO
364050,Face It - A game to fight inner demons
364420,Roguelands
363660,Island Flight Simulator
363940,Solar Shifter EX
363960,Devils & Demons
363970,Clicker Heroes
363440,Mega Man Legacy Collection
363460,Spermination
363490,Escape Machines
363600,Holy Potatoes! A Weapon Shop?!
362830,3D Mini Golf
362870,RPG Maker 2003
362890,Black Mesa
362980,Undefeated - Official Guide
362400,Regimental Chess
362620,Software Inc.
361820,Car Mechanic Simulator 2015 - Youngtimer
361830,in Space
361841,Car Mechanic Simulator 2015 - PickUp & SUV DLC
361842,Car Mechanic Simulator 2015 - TraderPack
361990,Lakeview Cabin Collection
362003,Grand Theft Auto V
362090,Siralim
361550,Cradle
361630,404Sight
360940,The Mean Greens - Plastic Warfare
361190,Sparkle 3 Genesis
361210,Axis Game Factory's AGFPRO - Zombie Survival Pack DLC
360480,Victory Command
360590,"Once Bitten, Twice Dead"
360730,Cards and Castles
360740,Downwell
360870,Ultimate Tic-Tac-Toe
360150,How To Survive Third Person
360390,Nightside
359800,Copa Petrobras de Marcas
359810,Hare In The Hat
359850,Duke Nukem 3D
359900,The Incredible Adventures of Van Helsing III
359960,Choice Chamber
359230,Lethis - Path of Progress
359290,Crazy Cars - Hit the Road
359320,Elite Dangerous
358840,ZombieRun
359090,Gare Sapphire Mechs
358390,Stargunner
358400,Shadow Warrior (Classic)
358430,Balls of Steel
358480,DarkBase 01
358180,Bio Menace
358200,Math Rescue
358210,Monster Bash
358220,Mystic Towers
358230,Paganitzu
358250,Cosmo's Cosmic Adventure
358260,Crystal Caves
358270,Death Rally (Classic)
358290,Hocus Pocus
358300,Major Stryker
358320,Realms of Chaos
358340,Word Rescue
358350,Secret Agent
358380,Wacky Wheels
357600,Unium
357650,Project Explore
357780,Defend Your Life
357900,Make it indie!
357910,QuestEvent
357930,R.O.O.T.S
357180,Grey Goo - Emergence Campaign
357200,500 Years Act 1
357280,Alter World
356640,Metro Conflict
356750,Emet - Hunter (Medic Class)
356880,Eron
356200,Keen Dreams
356310,METAL SLUG DEFENSE
356370,Soccer Manager 2015
356430,Chris Sawyer's Locomotion
356520,Port of Call
356570,Party Hard
356040,Sheltered
356130,Heroes of Scene
355500,Leadwerks Game Launcher
355530,Last Word
355630,Leo's Fortune
354900,Headcrab Frenzy!
355070,TDP5 Arena 3D
355100,Dungeon Crawlers HD
355140,Traps N' Gemstones
355180,Codename CURE
355240,NEO AQUARIUM - The King of Crustaceans -
354860,The Adventures of Tree
354140,Five Nights at Freddy's 3
354160,WRC 5
354200,Aberoth
353270,Hyperdimension Neptunia Re;Birth3 V Generation
353360,how do you Do It?
353560,Plug & Play
353571,Batla - Tank
353590,Grow Home Soundtrack DLC
352950,Better Late Than DEAD
352700,Subspace Continuum
352720,The Universim
352360,Reflections
352430,Farlight Explorers
352520,The Silent Age
351970,Tales of Zestiria
352120,Fair Strike
352160,Curse of Mermos
352190,Spirit Of War
352220,King of Dragon Pass
352280,Cakewalk Sound Center
351640,Eternal Senia
351710,Hyperdimension Neptunia Re;Birth2 Sisters Generation
351790,Invisible Apartment
351800,Dev Guy
351840,Odyssey Reborn
351860,Cultures - Northland
351140,Rustbucket Rumble
351340,Belladonna
351490,Intergalactic Bubbles
351510,Quiplash
350660,Alganon
350700,Red Stone Online
350740,The Bug Butcher
350970,Planet of the Eyes
350990,Bloodwood Reload
351040,Moonrise
350620,Sandmason
350630,Dodge
349950,GunWorld
349990,Gold Package
350070,Environmental Station Alpha
349440,The Undying Plague
349450,Dark Forester
349480,Modular Combat
349540,PeriAreion
349680,Supercharged Robot VULKAISER
349740,Shelter 2 Soundtrack
349780,Fatty Maze's Adventures
349220,The Black Watchmen
349260,BlastZone 2
348620,Voices from the Sea
348670,Immune
348700,Walkover
348790,Wooden Floor
348200,Nimble Writer
348300,Chip's Challenge 2
348360,Doodle God
348370,Blob From Space - Please Don't Stop The Music
348460,Bierzerkers
348470,SAMURAI WARRIORS 4-II
348510,Autobahn Police Simulator
348550,GUILTY GEAR XX ACCENT CORE PLUS R
348560,HuniePop Original Soundtrack
348561,HuniePop Official Digital Art Collection
347670,Karate Master 2 Knock Down Blow
347830,Fairy Fencer F
347930,Hatland Adventures
347990,Assetto Corsa - Dream Pack 1
348040,This War of Mine - War Child Charity DLC
347610,Hidden Object Bundle 4 in 1
347620,Gaokao.Love.100Days
347630,16 Bit Arena
346900,AdVenture Capitalist
347160,Steredenn
346440,Musclecar Online
346450,samurai_jazz
346650,Break the Cube
346670,Sky Battles
346740,Lennox - Hunter (Assault Class)
346741,Jack - Hunter (Trapper Class)
346742,Evolve - Gorgon
346770,Quarries of Scred
346010,Besiege
346120,Boring Man - Online Tactical Stickman Combat
346140,Hidden Object Bundle 5 in 1
346180,David.
346210,Garden Rescue
346250,The Old Tree
346320,Streets of Chaos
345580,Universal Combat CE
345650,Without Within
345820,Shantae and the Pirate's Curse
345080,Flame Over
345090,Ancient Planet
345130,Dark Matter
345140,Crystal Rift
345180,Victor Vran
345370,TyranoBuilder Visual Novel Studio
345390,King's Quest
344740,CRYPTARK
344760,Reign Of Kings
344800,World of Mixed Martial Arts 3
344850,Big Pharma
344910,Sun Blast
344190,Immortal Empire
343930,Fort Defense
343940,Agarest 2 - Bundle #3
344030,Ghost Pirates of Vooju Island
343630,CroNix
343710,KHOLAT
343740,InMind VR
343770,Rotieer
343780,Cat Goes Fishing
343280,Zotrix
343300,Camera Obscura Soundtrack
343330,NEED FOR MADNESS ?
343340,Tiamat X
343360,Particula
343390,Elementary My Dear Majesty!
343420,Agarest 2 - Bundle #1
343421,Agarest 2 - Bundle #2
343422,Agarest 2 - Bundle #4
343423,Agarest 2 - Bundle #5
343424,Agarest 2 - Bundle #6
343560,Bob Was Hungry
342870,Corona MotorSport
342970,Pixel Survivors
342980,Destination Sol
342990,15 Days
343090,SimpleRockets
343100,Overture
343120,Motorbike
343170,Cyberpunk 3776
342260,Nevermind
342280,Manyland
342380,Sakura Angels
342480,Gunscape
342490,Shipwreck
342570,HIS (Heroes In the Sky)
342580,12 Labours of Hercules
341720,Among Ripples
341730,Dustoff Heli Rescue
341790,NEON STRUCT Soundtrack & Artbook
341800,Keep Talking and Nobody Explodes
341810,Grey Goo - Soundtrack
341930,Space Station Alpha
341940,Hatred
342020,BiT Evolution
342090,The Clans - Saga of the Twins
341310,Greyfox
341500,Camera Obscura
341510,Crayon Chronicles
341530,Stardust Vanguards
341540,TRIP Steam Edition
340800,Unhack
340810,Deepworld
340920,Siege of Turtle Enclave
341000,Mad Games Tycoon
341030,Colonial Conquest
341060,The Lady
341160,Steam Heroes
341260,Isaac the Adventurer
340290,Dr.Green
340350,Quintet
340360,Tomb of Tyrants
340440,Grand Class Melee 2
340460,Spartans Vs Zombies Defense
340630,Ninja Guy
340730,Sunrider Academy
340750,Gunslugs 2
339900,One Night
340050,Survivalist
340150,Basement
340170,FINAL FANTASY TYPE-0 HD
340200,Bloop
340220,Shadows of War
340280,Cubot
339400,Runestone Keeper
339470,Retention
339560,Man Alive Game
339790,rFactor
339800,HuniePop
339120,Fork Parker's Holiday Profit Hike
339210,RESCUE 2
339230,ZOMBI
339280,Strife
339290,Castle
339350,Choice of Robots
338743,Torvald - Hunter (Assault Class)
338744,Crow - Hunter (Trapper Class)
338745,Slim - Hunter (Medic Class)
338746,Sunny - Hunter (Support Class)
338760,Death Ray Manta
338800,Seven Kingdoms 2 HD
338530,Trouble In The Manor
338000,Echoes+
338050,Anoxemia
338140,Venetica
338170,Ratz Instagib 2.0
338190,Just Get Through
338340,Nightbanes
338420,Alum
337630,Bermuda
337940,X-note
337980,Vagrant Hearts
337110,Bard to the Future
337120,Axis Game Factory's AGFPRO - Drone Kombat FPS Multi-Player DLC
337220,Guild Commander
337320,Paint the Town Red
337410,Karos
337420,Final Dusk
337450,Dream Tale
336610,Outcast 1.1
336670,HIT
336790,KWAAN
337040,Deadnaut
336040,Combat Monsters
336100,Rooster Teeth vs. Zombiens
336200,Starlaxis Supernova Edition
336300,Hearthlands
336380,Catmouth Island
336420,Bloodsports.TV
336460,CAFE 0 ~The Drowned Mermaid~ - Japanese Voice Add-On
335660,CAFE 0 ~The Drowned Mermaid~
335670,LISA
335770,Tkl Online
335790,Words for Evil
335820,Dream Of Mirror Online
335840,Goats on a Bridge
335290,Farming Simulator 15 - ITRunner
335330,Brick-Force
335450,Curse of the Assassin
335460,An Assassin in Orlandes
334840,Drive to Hell
334990,Tesla Breaks the World! Official Soundtrack
335210,Rift's Cave
335240,Transformice
334620,Soccertron
334690,Squirreltopia
333930,Dirty Bomb
333950,Medieval Engineers
333970,A Druid's Duel
334030,Epic Arena
334040,Down To One
334120,Armikrog
334190,Insanity's Blade
334230,Town of Salem
334300,Fake Colours
334330,FaceRig Team Fortress 2 Avatars DLC
399430,Tinboy
399520,Comedy Quest
399550,Gladiators Online - Tiro Pack
398840,War of Beach
398450,Absent
398470,WRC 5 - WRC Concept Car S
398710,Timberman
397740,Hylics
398210,BlackShadows
397350,Lords of the Realm II
397430,Zoombinis
397460,The Jackbox Party Pack 2
397500,Labyronia RPG 2
397680,FIREFIGHT RELOADED
397720,Romance of the Three Kingdoms Maker
397210,Kanji Training Game
396790,Dracula's Legacy
396160,Secret Of Magia
395990,Galactic Civilizations III - Revenge of the Snathi DLC
395520,Missing Translation
394720,The Legend of Tango
394550,Gunman Clive 2
394600,Mighty Gunvolt
393980,Pretty Girls Mahjong Solitaire
394080,Undefeated - Deluxe Contents
393420,Hurtworld
393480,3DMark Sky Diver benchmark
393150,The Dreamatorium of Dr. Magnus 2
393360,Metal Gear Solid Legacy
393380,Squad
392880,RIDE - 2015 Top Bikes Pack 1
392900,RIDE - 2015 Top Bikes Pack 2
392400,INK - Soundtrack + Art
392450,Silver Creek Falls - Chapter 1
392580,WARSHIFT
391540,Undertale
391740,Blaster Shooter GunGuy!
391780,Uebergame
391920,Ether One Redux
391070,Stellar 2D
391080,In Between - Soundtrack
391260,Labyronia RPG
391270,Fingerbones
391460,WARMODE
390650,Sakura Clicker - School Outfit
390651,Sakura Clicker - Hairstyle Pack
390655,Sakura Clicker - Present Outfit
390660,Call of Tomsk-7
390740,Galactic Civilizations III Soundtrack
390160,Crookz - The Short Movie
389700,My Bones
389770,Galactic Civilizations III - Ship Designer's Toolbox DLC
389810,Rubber and Lead
389930,Galactic Civilizations III - Mega Events DLC
389300,TERA
388800,Azure Striker Gunvolt
388080,Borderless Gaming
388090,Five Nights at Freddy's 4
388280,Snapshot
388340,Super Hipster Lumberjack
388410,Darksiders II Deathinitive Edition
388420,In Between
387860,the static speaks my name
387890,Radial Impact
387450,Shadow of Kingdoms
386880,Rake
386990,Asphyxia
386510,Pyramid Raid
386560,Psycho Starship Rampage
386800,Street Fighter V Beta
385830,Burgers
385890,Golden Rush
386050,Proto Raider
386320,Naninights
386360,SMITE
385400,Weapons Genius
385530,Astro Lords
385710,INK
385770,Time Clickers
385800,NEKOPARA Vol. 0
384930,Pilot Crusader
384980,Battle for Blood - Epic battles within 30 seconds!
385060,The Last Warlock
385150,Stranded In Time
385220,Pulut Adventure
385260,Lamia Must Die
385270,Jet Racing Extreme
384370,Pinball FX2 - Marvel's Ant-Man
383980,Rivals of Aether
384150,TeraBlaster
384240,Depth - S.T.E.V.E. Pack
384360,Fingered
383580,Flesh Eaters
383670,That Old Time Religion
383730,RPG Maker 2000
383750,Funk of Titans
333600,NEKOPARA Vol. 1
333760,Vintage Year
333790,The Pewdieverse DLC
333820,Out of the Park Baseball 16
332800,Five Nights at Freddy's 2
333120,Inside The Gear
332350,Arma 3 Marksmen
332360,Spriter Pro
332390,Undefeated
332480,Phoenix Force
332500,GRAV
332710,1Quest
332130,Antisquad - Skirmishes DLC
332200,Axiom Verge
331600,ONE PIECE PIRATE WARRIORS 3
331650,Carmageddon TDR 2000
331670,The Jackbox Party Pack
331920,Airline Tycoon Deluxe
331980,Last Inua
331200,Grass Simulator
331220,Thief Town
331260,Fairy Bloom Freesia - Original Soundtrack
331330,Evolve - Behemoth
331340,Tulpa
331440,bit Dungeon II
331470,Everlasting Summer
331500,Executive Assault
331560,Mechanik Maszyn Rolniczych 2015
331120,Passing Pineview Forest
330760,Running Shadow
330830,Tales from the Borderlands
330840,Game of Thrones - A Telltale Games Series
330350,Robotex
330470,Over The Void
330580,Shark Attack Deathmatch 2
329790,Krosmaster Arena
329830,The Moon Sliver
330000,Kingdoms CCG
329150,Vanguard Princess Lilith
329200,Astray
329270,Warhammer Quest - Base Pack items
329380,Stealth Inc 2
329630,Command HQ
329640,Eradicator
329650,NAM
328990,Koya Rift
329020,Battlegrounds of Eldhelm
329050,Devil May Cry 4 Special Edition
329110,Gems of War
329130,Reassembly
328240,Crossfire Europe
328430,Rex Nebular and the Cosmic Gender Bender
328470,Slave Zero
328500,Potatoman Seeks the Troof
328650,Knight of the Hamsters
328680,Crab Cakes Rescue
328740,Bit Odyssey
327860,Salt
327950,Sword of the Samurai
328060,Tales Runner
328140,Emergency 5 - Deluxe Edition
328200,Pier Solar - The Definitive Original Soundtrack
327310,The Marvellous Miss Take
327380,Pirates! Gold Plus (Classic)
327390,Sid Meier's Covert Action (Classic)
327410,A Bird Story
327640,CaesarIA
327670,Ironcast
326960,Killing Floor - Toy Master
326990,Deep Eclipse
327040,Eufloria HD Original Soundtrack
327220,Anna's Quest
326670,Warhammer Quest
326730,Whisper of a Rose
326740,Black Fire
326760,Shan Gui OST
326150,Death Skid Marks
326180,Sinister City
326270,Claire - Soundtrack
326350,Maszyny Rolnicze 2015
326380,Mystery of Neuschwanstein
326410,Windward
326470,Space Warp
326480,If My Heart Had Wings
326120,Horizon Shift
325630,Arms Dealer
325730,The Hive
325860,Fat Chicken
325870,Clash of Puppets
325600,Sword Coast Legends
325090,Deep Dungeons of Doom
324610,The Shopkeeper
324680,Impossible Creatures
324750,StuntMANIA Reloaded
324810,TOXIKK
324070,iO
324080,Rising World
324120,Verde Station
324260,VoidExpanse
323470,DRAGON BALL XENOVERSE
323630,Ubinota
323720,Decay - The Mare
322930,aerofly RC 7
323220,Vagante
323320,Grow Home
323380,The Magic Circle
323420,Planetary Annihilation - Original Soundtrack
322460,Winning Post 8 2015
322850,Pro Cycling Manager 2015
322900,"War, the Game"
321920,Schein
321950,Yury
321960,Might & Magic Heroes VII 
321980,Hardland
322020,The Talos Principle - Soundtrack
322021,The Talos Principle - Bonus Content
322022,The Talos Principle - Prototype
322170,Geometry Dash
321480,Sigils of Elohim
321580,Planetary Annihilation - Digital Deluxe Bundle
321600,The Flying Dutchman
321700,Starbound Free Avatars
321870,Silence of the Sleep
321150,Melissa K. and the Heart of Gold Collector's Edition
321260,Wickland
321420,Secret of the Magic Crystals - Soundtrack and Coloring Book
320790,Fabula Mortis
320840,Wings! Remastered Edition
320890,The Chronicles of Narnia - Prince Caspian
321030,One Day For Ched
321040,DiRT 3 Complete Edition
320400,Magnifico
320540,Coffin Dodgers
320590,Warside
320670,Season Match 3 - Curse of the Witch Crow
319970,The Detail
320140,Absolute Drift
320150,Deadlings - Rotten Edition
320300,Car Mechanic Simulator 2015
320320,Darkstone
320340,Cosmonautica
319270,Great Permutator
319410,Duck Dynasty
319450,Chariot
319510,Five Nights at Freddy's
319560,Reprisal Universe
319570,Heroes of SoulCraft
319580,FortressCraft Evolved Multiplayer
319850,Bridge Constructor Medieval
504350,Starter Pack
495910,Dungeon Fighter Online
303340,Concursion
303390,Dead Bits
303470,Rush for Glory
303530,Sentris
302320,Storm over the Pacific
302380,Floating Point
302460,I Am Vegend
302470,Battle Mages
302490,Ballad of Solar
302590,Of Guards And Thieves
302610,Boson X
302650,Cyto
302670,Call to Arms
302710,BlazeRush
302750,The Counting Kingdom
302830,BLOCKADE 3D
303210,The Beginner's Guide
301970,Screencheat
302010,The Blue Flamingo
302060,Trucks & Trailers
302080,Bus Driver
302270,Dungeon Defenders Eternity
302310,Dungeon of Elements
301360,Kill Fun Yeah
301420,Third Eye Crime
301480,GEARCRACK Arena
301520,Robocraft
301540,Rhythm Destruction
301640,Zombie Army Trilogy
301690,Cobi Treasure Deluxe
301700,Numba Deluxe
301860,Submerged
300920,The Beast of Lycan Isle - Collector's Edition
300970,Fiesta Online NA
301120,Eastside Hockey Manager
301150,The Treasures of Montezuma 4
301220,Legends of Persia
300540,Sweet Lily Dreams
300570,Infinifactory
300580,GALAK-Z
299500,International Snooker
299680,Tengami
299700,Face of Mankind
299720,Terrorhedron
299740,Miscreated
299780,Noir Syndrome
299840,Metal Planet
299860,Beasts of Prey
299890,Franchise Hockey Manager 2014
300220,Victim of Xen
300300,Ichi
300320,The Few
300380,Road Redemption
299240,Transistor Soundtrack
299250,European Ship Simulator
299260,Commando Jack
299340,Habitat
299350,OMSI 2 Add-on Three Generations
299360,Block N Load
299420,CubeGun
297920,Space Colony
298030,Total Annihilation
298110,Far Cry 4
298160,Eldevin
298180,The Desolate Hope
298260,Only If
298340,Flashout 2
298400,Knightmare Tower
298480,Victory At Sea
298520,Orbital Gear
298560,Captain Forever Remix
298600,Lovely Planet
298620,X-Plane 10 Global - 64 Bit - Africa Scenery
298630,The Escapists
297740,Overruled!
297750,Close Combat - Gateway to Caen
297760,Qvadriga
297860,Split/Second
297490,Spy Chameleon - RGB Agent
296710,Monstrum 
296830,Lucius II
296870,Dreaming Sarah
296910,8BitBoy
296930,Ascendant
296950,Subject 9
297000,Heroes of Might & Magic III - HD Edition
297020,The Culling Of The Cows
297060,Freaking Meatbags
297110,Cosmic DJ
297120,Heavy Bullets
297130,Titan Souls
297210,Famaze
297370,Hero of Many
296240,The Promised Land
296360,Natural Selection 2 - Kodiak Pack
296490,GemCraft - Chasing Shadows
296510,Magnetic By Nature
296530,Coldfire Keep
296590,Draconian Wars
296610,GestureWorks Gameplay
296630,Kraven Manor
295690,PARTICLE MACE
295730,Sweezy Gunner
295750,The Floor is Jelly
295790,Never Alone (Kisima Ingitchuna)
295930,Swipecart
296050,Battlepaths
295250,Stranded
295270,Football Manager 2015
294650,Putt-Putt Goes to the Moon
294670,Putt-Putt Travels Through Time
294680,Putt-Putt Enters the Race
294690,Putt-Putt Joins the Circus
294710,Putt-Putt and Pep's Dog on a Stick
294720,Putt-Putt and Fatty Bear's Activity Pack
294750,Anomaly Defenders
294830,RECYCLE
294440,Shadowgate
294580,Freddi Fish and Luther's Water Worries
293740,Road Not Taken
293780,Crawl
293840,Cult of the Wind
293860,White Noise Online
293940,Kill The Bad Guy
294020,Merchants of Kaidan
294140,They Breathe
294160,Galcon 2
294190,A-Men 2
294230,Millie
294370,Crowntakers
293180,Overcast - Walden and the Werewolf
293200,Sentinel
293260,Card Hunter
293340,The Good Life
293360,Second Chance Heroes
293480,FRONTIERS
293540,Guns and Robots
293680,Cinders
293010,Caribbean!
292120,FINAL FANTASY XIII
292140,FINAL FANTASY XIII-2
292180,X-Plane 10 Global - 64 Bit
292200,Crazy Plant Shop
292230,Game Character Hub
292370,DarkEnd
292380,Racer 8
292390,Realms of the Haunting
292400,Unrest
292410,Street Racing Syndicate
292420,Panzer Elite Action Fields of Glory
292480,Magical Battle Festa
292570,Chompy Chomp Chomp
292620,Pressured
292630,Uriel's Chasm
292660,Princess Isabella
291610,Growing Pains
291650,Pillars of Eternity
291710,The Lost Crown
291910,Firefighters 2014
292060,Final Hours of Titanfall
291050,Planet Stronghold
291070,Slip
291130,Akane the Kunoichi
291170,Royal Defense
291210,UberStrike
291250,Jumpdrive
291290,Motte Island
291330,Final Slam 2
291370,Undead Overlord
291450,Smugglers 5
291480,Warface
290260,Sokobond
290280,Volt
290300,Rebel Galaxy
290320,Project Temporality
290340,Armello
290650,Time Ramesside (A New Reckoning)
290730,My Lands
290770,The Fall
290790,Grey Goo
290830,Chaos Heroes Online
290890,You Must Build A Boat
289480,The Tomorrow War
289620,Collapse
289690,Lara Croft and the Temple of Osiris
289760,ROCKETSROCKETSROCKETS
289780,Requiem
289890,"7,62 High Calibre"
289950,Construction-Simulator 2015
290040,Retro Game Crunch
290140,Echo of Soul
289010,Pro Evolution Soccer 2014 World Challenge DLC
289090,Ampu-Tea
289180,A.I.M.2 Clan Wars
289300,Faces of War
289340,Freight Tycoon Inc.
289400,Parkan 2
288470,Fable Anniversary
288520,Arma 3 Karts
288610,Kingdom Tales 2
288750,Hotel Collectors Edition
288850,Professional Farmer 2014 - America DLC
288880,Pineview Drive
287680,Pro Evolution Soccer 2015
287920,Mortal Online
287980,Mini Metro
288040,Actual Sunlight
288160,The Room
288240,Meridian Video and Soundtrack
287020,Harvester
287070,Battle Academy
287100,Chaos Domain
287200,Wildlife Park 3
287220,Autocraft
287260,Toybox Turbos
286540,Nearwood - Collector's Edition
286660,Avoid Sensory Overload
286690,Metro 2033 Redux
286730,Gunship!
286930,Crouching Pony Hidden Dragon
286940,S.K.I.L.L. - Special Force 2
285730,Pool Nation - Flair Pack 
285840,Enemy Mind
285900,Gang Beasts
285920,TerraTech
285980,Kromaia
286040,Dead Effect
286080,Thinking with Time Machine
286100,You Have to Win the Game
286120,QuestRun
286140,Eidolon
286160,Tabletop Simulator
286200,ReignMaker
286220,Pier Solar and the Great Architects
286320,Oknytt
286380,Strata
286460,Black Mirror II
286500,"House of 1,000 Doors - Family Secrets"
286520,Viking Brothers
319150,Hazard Ops
319180,Platypus II
319230,Gold Rush! Anniversary
318570,Hunters Of The Dead
318600,The Flame in the Flood
318660,Crazy Chicken Tales
318770,Deep Fritz 14 DLC
318850,Devil's Workshop pack
318230,Convoy
318310,Choice of the Deathless
318430,Squishy the Suicidal Pig
318440,Cubesis
318020,Act of Aggression
318072,Happy Wars - Evil Warrior Set
318100,AXYOS
318130,Doom & Destiny
317470,Cubic Castles
317510,Beyond Gravity
317610,Prophour23
317620,Space Hulk Ascension
317710,Velocibox
317720,Tiestru
317740,Pinball FX2 - The Walking Dead Table
317780,Eternal Fate
317790,Rexaura
317850,Company of Heroes 2 - Ardennes Assault
317300,Roommates
317380,War on Folvos
317410,Color Symphony
316790,Grim Fandango Remastered
316830,Sprite Lamp
316840,The Sacred Tears TRUE
316910,Tales of Maj'Eyal - Ashes of Urh'Rok
316930,Kings of Kung Fu
317100,Republique
316480,Shadow Puppeteer
316560,Freedom Planet - Official Soundtrack
316660,Toast Time
316670,Cognition - Original Soundtrack Vol 1
315920,Stonerid
316010,Magic Duels
316080,Parcel
316110,Depth DEV
316160,Broken Sword 4 - the Angel of Death
316180,A City Sleeps
315460,Dig or Die
315550,Taxi
315640,Dizzel
315650,Deep Under the Sky
315810,eden*
315850,Amazing Princess Sarah
315880,WTFast Gamers Private Network (GPN)
315190,Octodad Free Avatar
315260,Space Hack
315320,Skilltree Saga
315340,A.R.E.S. Extinction Agenda EX
315430,Polarity
314560,Kyn
314570,The Sun at Night
314680,Crypt of the Necrodancer Soundtrack
314810,Randal's Monday
314830,Blackguards 2
314980,Supreme Ruler Ultimate
315070,Blob From Space
315080,Foresight
314150,Double Dragon Trilogy
314210,Tesla Breaks the World!
314230,Rodina
314240,RPG Tycoon
314250,Jet Gunner
314280,The Forgotten Ones
314290,Obludia
314320,GamersGoMakers
314410,Rampage Knights
314450,Saviors
314460,Jamsouls
314470,Heroes of a Broken Land
314510,Fall of the New Age Premium Edition
314520,Euro Fishing
313740,Sakura Spirit
313870,A Vampyre Story
314000,Pool Nation FX
314010,Boid
314020,Morphopolis
314030,Guilty Gear X2 #Reload
313340,Mountain
313480,Blitzkrieg Anthology
313500,Blitzkrieg 2 Anthology
313590,Boo Bunny Plague
312720,Khet 2.0
312780,Way of the Samurai 4
312960,Starion Tactics
312990,The Expendabros
313010,Cities XXL
313020,Soul Gambler
313040,Pixel Hunter
313080,The Masterplan
313120,Stranded Deep
313130,Metrocide
313160,Farming Simulator 15
312150,Wild Warfare
312210,The Fifth Day
312280,Simply Chess
312360,To End All Wars
312530,Duck Game
312600,Rime Berta
312610,METAL SLUG X
312630,OTTTD
312640,Power-Up
311730,Dead or Alive 5 Last Round
311800,Black Ice
312010,Bird Assassin
312090,Crazy Machines 2 - Jewel Digger DLC
311190,Super Panda Adventures
311480,Vertical Drop Heroes HD
311500,Vanguard Princess Hilda Rize
311560,Assassin's Creed Rogue
310740,NEON STRUCT
310970,Legions of Ashworld
311040,Rulers of Nations
311080,Echelon
311140,The Stalin Subway
310060,Knights of Pen and Paper 2
310070,The Nightmare Cooperative
310080,Hatoful Boyfriend
310100,Natural Selection 2 - Reaper Pack
310370,The Way of Life Free Edition
310410,X-Plane 10 Global - 64 Bit - Asia Scenery
310420,X-Plane 10 Global - 64 Bit - Australia Scenery
310430,X-Plane 10 Global - 64 Bit - North America Scenery
310440,X-Plane 10 Global - 64 Bit - South America Scenery
310510,Deathtrap
308300,Wildlife Park 2 - Domestic Animals DLC
308420,Ziggurat
308580,Orborun
307900,Wildlife Park 2 - Marine World
307920,Wildlife Park 2 - Farm World
307930,Wildlife Park 2 - Dino World
307980,Cricket Captain 2014
307990,Wildlife Park 2 - Fantasy
308000,Gold Rush! Classic
308040,Back to Bed
308270,Buzz Aldrin's Space Program Manager
307570,A Golden Wake
307640,Stick RPG 2
307760,Zoo Park
307770,Wildlife Park 2 - Horses
307780,Mortal Kombat X
307880,Savage Lands
306930,BattleSpace
307050,Shan Gui
307070,Memories of a Vagabond
307090,Fancy Skulls
307130,Asteria
307170,Borealis
307230,"I, Zombie"
307270,Super Lemonade Factory
307290,Velvet Sundown
307340,Platypus
307350,Nux
306410,Crystals of Time
306460,Unturned - Permanent Gold Upgrade
306480,Wildlife Park 2 - Crazy Zoo
306490,Railroad Pioneer
306550,Runers
306630,Civil War II
306680,Lexica
306700,Iron Fisticle
306850,The Banner Saga - Mod Content
305840,Shallow Space
305920,Another Perspective
305940,Project AURA
306020,Bloons TD5
306040,The Howler
306160,Dead Bits (Soundtrack)
306260,Selknam Defense
306390,Tropico 5 - Inquisition
306393,Tropico 5 - Mad World
306396,Tropico 5 - Generalissimo
305510,Servo
305570,Secret of the Magic Crystals - The Race
305620,The Long Dark
305640,Shattered Planet
305660,Infect and Destroy
305740,Pitiri 1977
305780,Echo of the Wilds
304890,Quantum Rush Online
304930,Unturned
304950,Castaway Paradise
305050,Outland
305070,FIST OF AWESOME
305260,Battle Islands
305280,Cakewalk Loop Manager
304270,Grand Chase
304350,Wildlife Park 2
304380,Arma 3 Helicopters
304460,Qora
304650,Sunless Sea
304670,Aeon Command
304730,Train Fever
303790,Faery - Legends of Avalon
303800,The Witcher Adventure Game
303840,Point Perfect
304030,ArcheAge
304050,Trove
410420,Pinball FX2 - Balls of Glory Pinball
409670,Pink Hour
409690,Pink Heaven
409510,Genesis Online
409590,Kingdoms
408930,ePic Character Generator
407510,Devilian
407600,Raiden Legacy
407080,3DMark API Overhead feature test
407120,Soccer Manager 2016
407230,Legend of Mysteria
406950,3DMark Ice Storm benchmark
406960,3DMark Cloud Gate benchmark
406440,Vanguard Princess Kurumi
406020,The Hive
404800,Endless Sky - High DPI
405220,Football Manager 2016 Touch Mode - Design a Son
404410,Endless Sky
404480,SC2VN - The eSports Visual Novel
404580,Relive
404620,The Political Machine 2016
403900,Clergy Splode
403980,World Ship Simulator
403560,Eaten Alive
403670,Lumber Island - That Special Place
403040,Driver Booster 3 for STEAM
403190,Planetbase
402840,Crusaders of the Lost Idols
402890,Nyctophilia
402180,Sakura Swim Club
402290,3DMark Fire Strike benchmark
401330,Akuatica
400660,Reverse Crawl
400110,Else Heart.Break()
400430,The Vanishing of Ethan Carter Redux
399660,Battle Battalions
399790,Destiny Warriors
400040,ShareX
488080,Taxi
480490,Prey
420030,Galactic Civilizations III - Precursor Worlds DLC
419210,Bullet Heaven 2 - Soundtrack
419290,Epic Battle Fantasy 4 - Soundtrack
419400,Conflicks - Revolutionary Space Battles Demo
418280,Retaliation
417860,Emily is Away
417890,Apotheon Arena
418040,hocus
416130,Written in the Sky
416320,Rescue Team 5
415850,BAD END
415270,Star Crusade CCG
415310,TyranoBuilder Visual Novel Studio Demo
414080,Life is Hard
412940,Back to Dinosaur Island 
413010,Conflicks - Revolutionary Space Battles Demo
412400,GASP
412670,Bullet Heaven 2
411560,Reveal The Deep
465980,Ori and the Blind Forest (Original Soundtrack)
425120,Carpe Diem - Extra Package
423880,Carpe Diem
423770,Our Love Will Grow
422630,Metaverse Construction Kit
421650,Breach
421810,OH! RPG!
280790,Creativerse
2620,Call of Duty
293760,Automation - The Car Company Tycoon Game
251570,7 Days to Die
296470,Mount Your Friends
342200,MechWarrior Online
49520,Borderlands 2
234190,Receiver
252950,Rocket League
570,Dota 2
38210,Roogoo
244160,Homeworld Remastered Collection
291550,Brawlhalla
1803110,Ascendant
349720,Audition Online
359550,Tom Clancy's Rainbow Six Siege
363890,RPG Maker MV
